numero,en_drive,en_nuevo,estado,archivo_drive,archivo_nuevo
1,True,True,match,reporte_91_1.pdf,n1_Informe-de-adjuntía-Nº-001-2019-DP-APCSG-Los-costos-del-conflicto-social20200803-1197146-1275lpe.pdf
7,True,False,solo_drive,Reporte-46-diciembre-2007.pdf,
10,True,False,solo_drive,reporte-75-2010.pdf,
11,True,False,solo_drive,Reporte-87-mayo-2011.pdf,
12,True,False,solo_drive,febrero 2005 - conflictos_sociales12.pdf,
13,True,False,solo_drive,marzo 2005 - conflictos_sociales13.pdf,
14,True,False,solo_drive,abril 2005 - conflictos_sociales14.pdf,
15,True,False,solo_drive,mayo 2005 - conflictos_sociales15.pdf,
16,True,False,solo_drive,mitad julio 2005 - conflictos_sociales16.pdf,
17,True,False,solo_drive,final julio 2005 - conflictos_sociales17.pdf,
18,True,False,solo_drive,agosto 2005 - conflictos_sociales18.pdf,
19,True,False,solo_drive,setiembre 2005 - conflictos_sociales19.pdf,
20,True,False,solo_drive,octubre 2005 - conflictos_sociales20.pdf,
21,True,False,solo_drive,noviembre 2005 - conflictos_sociales21.pdf,
22,True,False,solo_drive,diciembre 2005 - conflictos_sociales22.pdf,
23,True,True,match,conflictos_sociales23.pdf,conflictos_sociales23.pdf
24,True,True,match,ReporteDeConflictos_abril24.pdf,conflictos_sociales24.pdf
25,True,True,match,conflictos_sociales25.pdf,conflictos_sociales25.pdf
26,True,True,match,conflictos_sociales26.pdf,conflictos_sociales26.pdf
27,True,True,match,conflictos_sociales27.pdf,conflictos_sociales27.pdf
28,True,True,match,conflictos_sociales28.pdf,conflictos_sociales28.pdf
29,True,True,match,conflictos_sociales29.pdf,conflictos_sociales29.pdf
30,True,True,match,conflictos_sociales30.pdf,conflictos_sociales30.pdf
31,True,True,match,conflictos_sociales31.pdf,conflictos_sociales31.pdf
32,True,True,match,conflictos_sociales32.pdf,conflictos_sociales32.pdf
33,True,True,match,conflictos_sociales33.pdf,conflictos_sociales33.pdf
34,True,True,match,Reporte-Mensual-de-Conflictos-Sociales-N-34---Diciembre-2006.pdf,Reporte-Mensual-de-Conflictos-Sociales-N-34---Diciembre-2006.pdf
35,True,True,match,conflictos_sociales35.pdf,conflictos_sociales35.pdf
36,True,True,match,conflictos_sociales36.pdf,conflictos_sociales36.pdf
37,True,True,match,conflictos_sociales37.pdf,conflictos_sociales37.pdf
38,True,True,match,conflictos_sociales38.pdf,conflictos_sociales38.pdf
39,True,True,match,conflictos_sociales39.pdf,conflictos_sociales39.pdf
40,True,True,match,conflictos_sociales40.pdf,conflictos_sociales40.pdf
41,True,True,match,conflictos_sociales41.pdf,conflictos_sociales41.pdf
42,True,True,match,conflictos_sociales42.pdf,conflictos_sociales42.pdf
43,True,True,match,conflictos_sociales43.pdf,conflictos_sociales43.pdf
44,True,True,match,conflictos_sociales44-CS.pdf,conflictos_sociales44-CS.pdf
45,True,True,match,conflictos_sociales45-CS.pdf,conflictos_sociales45-CS.pdf
47,True,True,match,conflictos_sociales47.pdf,conflictos_sociales47.pdf
48,True,True,match,conflictos_sociales48.pdf,conflictos_sociales48.pdf
49,True,True,match,conflictos_sociales49.pdf,conflictos_sociales49.pdf
50,True,True,match,conflictos_sociales50.pdf,conflictos_sociales50.pdf
51,True,True,match,Conflictos-Sociales-51.pdf,Conflictos-Sociales-51.pdf
52,True,True,match,conflictos_sociales52.pdf,conflictos_sociales52.pdf
53,True,True,match,Conflictos-Reporte-53.pdf,Conflictos-Reporte-53.pdf
54,True,True,match,conflictos_sociales54.pdf,conflictos_sociales54.pdf
55,True,True,match,reporte-conflictos-55.pdf,reporte-conflictos-55.pdf
56,True,True,match,reporte-conflictos-56.pdf,reporte-conflictos-56.pdf
57,True,True,match,reporte-conflictos-57.pdf,reporte-conflictos-57.pdf
58,True,True,match,conflictos_reporte_58.pdf,conflictos_reporte_58.pdf
59,True,True,match,reporte_conflictos_59_enero2009.pdf,reporte_conflictos_59_enero2009.pdf
60,True,True,match,Conflictos-Sociales-N°-60-Febrero-2009.pdf,Conflictos-Sociales-N_-60-Febrero-2009.pdf
61,True,True,match,conflictos_reporte_61.pdf,conflictos_reporte_61.pdf
62,True,True,match,conflictos-62.pdf,conflictos-62.pdf
63,True,False,solo_drive,Reporte-63.pdf,
64,True,False,solo_drive,reporte-64.pdf,
65,True,False,solo_drive,reporte-65.pdf,
66,True,False,solo_drive,reporte-66.pdf,
67,True,True,match,conflictos-67.pdf,conflictos-67.pdf
68,True,True,match,Conflictos-Reporte-68.pdf,Conflictos-Reporte-68.pdf
69,True,True,match,reporte-69.pdf,n69_conflictos_reporte_61_marzo2009.pdf
71,True,False,solo_drive,reporte-71.pdf,
72,True,True,match,Conflictos-Reporte72.pdf,Conflictos-Reporte72.pdf
73,True,False,solo_drive,Reporte-73.pdf,
74,True,False,solo_drive,Reporte-74.pdf,
77,True,False,solo_drive,reporte-77.pdf,
78,True,False,solo_drive,reporte-078.pdf,
79,True,True,match,Conflictos-Sociales-N°-79-Septiembre-2010.pdf,Conflictos-Sociales-N_-79-Septiembre-2010.pdf
80,True,False,solo_drive,reporte-80.pdf,
81,True,False,solo_drive,reporte-81.pdf,
82,True,False,solo_drive,reporte-82.pdf,
83,True,False,solo_drive,reporte-83.pdf,
84,True,False,solo_drive,reporte-84.pdf,
85,True,False,solo_drive,reporte_85.pdf,
86,True,False,solo_drive,reporte_86.pdf,
88,True,False,solo_drive,Reporte-88.pdf,
89,True,False,solo_drive,Reporte-89.pdf,
90,True,True,match,Reporte_conflictos_90.pdf,Reporte_conflictos_90.pdf
92,True,False,solo_drive,reporte-menusal-92.pdf,
93,True,True,match,Reporte-conflictos-93.pdf,Reporte-conflictos-93.pdf
94,True,True,match,Reporte-de-conflictos-N-94.pdf,Reporte-de-conflictos-N-94.pdf
95,True,True,match,Reporte-Mensual-de-Conflictos-Sociales-N-95-Enero-2012.pdf,Reporte-Mensual-de-Conflictos-Sociales-N-95-Enero-2012.pdf
96,True,True,match,Reporte-de-Conflictos-Sociales-N-96-Febrero-2012.pdf,Reporte-de-Conflictos-Sociales-N-96-Febrero-2012.pdf
97,True,True,match,Reporte-de-Conflictos-Sociales-N-97-Marzo-2012.pdf,Reporte-de-Conflictos-Sociales-N-97-Marzo-2012.pdf
98,True,True,match,Reporte-Mensual-de-Conflictos-Sociales-N-98-Abril-2012.pdf,Reporte-Mensual-de-Conflictos-Sociales-N-98-Abril-2012.pdf
99,True,True,match,Reporte-M.-de-Conflictos-Sociales-N-99-May-2012.pdf,Reporte-M.-de-Conflictos-Sociales-N-99-May-2012.pdf
100,True,True,match,Reporte-de-Mensual-Conflictos-Sociales-N-100-Junio-2012.pdf,Reporte-de-Mensual-Conflictos-Sociales-N-100-Junio-2012.pdf
101,True,True,match,Reporte-Mensual-de-Conflictos-Sociales-N-101-Julio-12.pdf,Reporte-Mensual-de-Conflictos-Sociales-N-101-Julio-12.pdf
102,True,True,match,Reporte-Mensual-de-Conflictos-Sociales-N-102-Ago-12.pdf,Reporte-Mensual-de-Conflictos-Sociales-N-102-Ago-12.pdf
103,True,True,match,Reporte-Mensual-de-Conflictos-Sociales-N-103-Sept-2012.pdf,Reporte-Mensual-de-Conflictos-Sociales-N-103-Sept-2012.pdf
104,True,True,match,Reporte-Mensual-de-Conflictos-Sociales-N-104-Octu-2012.pdf,Reporte-Mensual-de-Conflictos-Sociales-N-104-Octu-2012.pdf
105,True,True,match,Reporte-M.-de-Conflictos-Sociales-N-105-Noviembre-2012.pdf,Reporte-M.-de-Conflictos-Sociales-N-105-Noviembre-2012.pdf
106,True,True,match,Reporte-M.-de-Conflictos-Sociales-N-106-Diciembre-2012.pdf,Reporte-M.-de-Conflictos-Sociales-N-106-Diciembre-2012.pdf
107,True,True,match,Reporte-M.-de-Conflictos-Sociales-N-107-Ene-2013.pdf,Reporte-M.-de-Conflictos-Sociales-N-107-Ene-2013.pdf
108,True,True,match,Reporte-M.-de-Conflictos-Sociales-N-108-Feb-2013.pdf,Reporte-M.-de-Conflictos-Sociales-N-108-Feb-2013.pdf
109,True,True,match,Reporte-M.-de-Conflictos-Sociales-N-109-Mar-2013.pdf,Reporte-M.-de-Conflictos-Sociales-N-109-Mar-2013.pdf
110,True,True,match,Reporte-M.-de-Conflictos-Sociales-N-110-Abr-2013.pdf,Reporte-M.-de-Conflictos-Sociales-N-110-Abr-2013.pdf
111,True,True,match,Reporte-M.-de-Conflictos-Sociales-N-111-Mayo2013.pdf,Reporte-M.-de-Conflictos-Sociales-N-111-Mayo2013.pdf
112,True,True,match,Reporte-M.-de-Conflictos-Sociales-N-112-Junio-2013.pdf,Reporte-M.-de-Conflictos-Sociales-N-112-Junio-2013.pdf
113,True,True,match,Reporte-Mensual-de-Conflictos-Sociales-N-113-Julio-2013.pdf,Reporte-Mensual-de-Conflictos-Sociales-N-113-Julio-2013.pdf
114,True,True,match,Reporte-Mensual-de-Conflictos-Sociales-N-114-Agosto-2013.pdf,Reporte-Mensual-de-Conflictos-Sociales-N-114-Agosto-2013.pdf
115,True,True,match,Reporte-Mensual-de-Conflictos-Sociales-N-115-Septiembre-2013.pdf,Reporte-Mensual-de-Conflictos-Sociales-N-115-Septiembre-2013.pdf
116,True,True,match,Reporte-Mensual-de-Conflictos-Sociales-N-116-Octubre-2013.pdf,Reporte-Mensual-de-Conflictos-Sociales-N-116-Octubre-2013.pdf
117,True,True,match,Reporte-Mensual-de-Conflictos-Sociales-N-117-noviembre-2013.pdf,Reporte-Mensual-de-Conflictos-Sociales-N-117-noviembre-2013.pdf
118,True,True,match,Reporte-Mensual-de-Conflictos-Sociales-N-118-diciembre-2013.pdf,Reporte-Mensual-de-Conflictos-Sociales-N-118-diciembre-2013.pdf
119,True,True,match,Reporte-Mensual-de-Conflictos-Sociales-N-119-enero-2014.pdf,Reporte-Mensual-de-Conflictos-Sociales-N-119-enero-2014.pdf
120,True,True,match,Reporte-Mensual-de-Conflictos-Sociales-N-120-Febrero-2014.pdf,Reporte-Mensual-de-Conflictos-Sociales-N-120-Febrero-2014.pdf
121,True,True,match,Reporte-Mensual-de-Conflictos-Sociales-N-121-marzo-2014.pdf,Reporte-Mensual-de-Conflictos-Sociales-N-121-marzo-2014.pdf
122,True,True,match,Reporte-Mensual-de-Conflictos-Sociales-N-122.pdf,Reporte-Mensual-de-Conflictos-Sociales-N-122.pdf
123,True,True,match,Reporte-Mensual-de-Conflictos-Sociales-N-123-2014.pdf,Reporte-Mensual-de-Conflictos-Sociales-N-123-2014.pdf
124,True,True,match,Reporte-Mensual-de-Conflictos-Sociales-N-124-2014.pdf,Reporte-Mensual-de-Conflictos-Sociales-N-124-2014.pdf
125,True,True,match,Reporte-Mensual-Conflictos-Sociales-125-Julio-2014.pdf,Reporte-Mensual-Conflictos-Sociales-125-Julio-2014.pdf
126,True,True,match,Reporte-Mensual-de-Conflictos-Sociales-N-126-Agosto-2014.pdf,Reporte-Mensual-de-Conflictos-Sociales-N-126-Agosto-2014.pdf
127,True,True,match,Reporte-Mensual-de-Conflictos-Sociales-N-127-Septiembre-2014.pdf,Reporte-Mensual-de-Conflictos-Sociales-N-127-Septiembre-2014.pdf
128,True,True,match,Reporte-Mensual-de-Conflictos-Sociales-N-128-Octubre-2014.pdf,Reporte-Mensual-de-Conflictos-Sociales-N-128-Octubre-2014.pdf
129,True,True,match,Reporte-Mensual-de-Conflictos-Sociales-N-129-Noviembre-2014.pdf,Reporte-Mensual-de-Conflictos-Sociales-N-129-Noviembre-2014.pdf
130,True,True,match,Reporte-Mensual-de-Conflictos-Sociales-N-130-Diciembre-2014.pdf,Reporte-Mensual-de-Conflictos-Sociales-N-130-Diciembre-2014.pdf
131,True,True,match,Reporte-Mensual-de-Conflictos-Sociales-N-131-Enero-2015.pdf,Reporte-Mensual-de-Conflictos-Sociales-N-131-Enero-2015.pdf
132,True,True,match,Reporte-Mensual-de-Conflictos-Sociales-N-132-Febrero-2015.pdf,Reporte-Mensual-de-Conflictos-Sociales-N-132-Febrero-2015.pdf
133,True,True,match,Reporte-Mensual-de-Conflictos-Sociales-N-133-Marzo-2015.pdf,Reporte-Mensual-de-Conflictos-Sociales-N-133-Marzo-2015.pdf
134,True,True,match,Reporte-Mensual-de-Conflictos-Sociales-N-134-Abril-2015.pdf,Reporte-Mensual-de-Conflictos-Sociales-N-134-Abril-2015.pdf
135,True,True,match,Reporte-Mensual-de-Conflictos-Sociales-N-135-Mayo-2015.pdf,Reporte-Mensual-de-Conflictos-Sociales-N-135-Mayo-2015.pdf
136,True,True,match,Reporte-Mensual-de-Conflictos-Sociales-N-136-Junio-2015.pdf,Reporte-Mensual-de-Conflictos-Sociales-N-136-Junio-2015.pdf
137,True,True,match,Reporte-Mensual-de-Conflictos-Sociales-N-137-Julio-2015.pdf,Reporte-Mensual-de-Conflictos-Sociales-N-137-Julio-2015.pdf
138,True,True,match,Reporte-Mensual-de-Conflictos-Sociales-N-138-Agosto-2015.pdf,Reporte-Mensual-de-Conflictos-Sociales-N-138-Agosto-2015.pdf
139,True,True,match,Reporte-Mensual-de-Conflictos-Sociales-N-139-Septiembre-2015.pdf,Reporte-Mensual-de-Conflictos-Sociales-N-139-Septiembre-2015.pdf
140,True,True,match,Reporte-Mensual-de-Conflictos-Sociales-N-140-Octubre-2015.pdf,Reporte-Mensual-de-Conflictos-Sociales-N-140-Octubre-2015.pdf
141,True,True,match,Reporte-Mensual-de-Conflictos-Sociales-N-141-Noviembre-2015.pdf,Reporte-Mensual-de-Conflictos-Sociales-N-141-Noviembre-2015.pdf
142,True,True,match,Reporte-Mensual-de-Conflictos-Sociales-N-142-Diciembre-2015.pdf,Reporte-Mensual-de-Conflictos-Sociales-N-142-Diciembre-2015.pdf
143,True,True,match,Reporte-Mensual-de-Conflictos-Sociales-N-143-Enero-2016.pdf,Reporte-Mensual-de-Conflictos-Sociales-N-143-Enero-2016.pdf
144,True,True,match,Reporte-Mensual-de-Conflictos-Sociales-N-144-Febrero-2016.pdf,Reporte-Mensual-de-Conflictos-Sociales-N-144-Febrero-2016.pdf
145,True,True,match,Reporte-Mensual-de-Conflictos-Sociales-N-145-Marzo-2016.pdf,Reporte-Mensual-de-Conflictos-Sociales-N-145-Marzo-2016.pdf
146,True,True,match,Reporte-Mensual-de-Conflictos-Sociales-N-146-Abril-2016.pdf,Reporte-Mensual-de-Conflictos-Sociales-N-146-Abril-2016.pdf
147,True,True,match,Reporte-Mensual-de-Conflictos-Sociales-N-147-Mayo-2016.pdf,Reporte-Mensual-de-Conflictos-Sociales-N-147-Mayo-2016.pdf
148,True,True,match,Reporte-Mensual-de-Conflictos-Sociales-N-148-Junio-2016.pdf,Reporte-Mensual-de-Conflictos-Sociales-N-148-Junio-2016.pdf
149,True,True,match,Reporte-Mensual-de-Conflictos-Sociales-N-149-Julio-2016.pdf,Reporte-Mensual-de-Conflictos-Sociales-N-149-Julio-2016.pdf
150,True,True,match,Reporte-Mensual-de-Conflictos-Sociales-N-150-Agosto-2016.pdf,Reporte-Mensual-de-Conflictos-Sociales-N-150-Agosto-2016.pdf
151,True,True,match,Reporte-Mensual-de-Conflictos-Sociales-N-151-Septiembre-2016.pdf,Reporte-Mensual-de-Conflictos-Sociales-N-151-Septiembre-2016.pdf
152,True,True,match,Reporte-Mensual-de-Conflictos-Sociales-N-152---Octubre-2016.pdf,Reporte-Mensual-de-Conflictos-Sociales-N-152---Octubre-2016.pdf
153,True,True,match,Reporte-Mensual-de-Conflictos-Sociales-N-153-Noviembre-2016.pdf,Reporte-Mensual-de-Conflictos-Sociales-N-153-Noviembre-2016.pdf
154,True,True,match,Reporte-Mensual-de-Conflictos-Sociales-N-154-Diciembre-2016.pdf,Reporte-Mensual-de-Conflictos-Sociales-N-154-Diciembre-2016.pdf
155,True,True,match,Reporte-Mensual-de-Conflictos-Sociales-N-155-Enero-2017-1.pdf,Reporte-Mensual-de-Conflictos-Sociales-N-155-Enero-2017-1.pdf
156,True,False,solo_drive,Reporte-Mensual-de-Conflictos-Sociales-N-156-Febrero-2017.pdf,
157,True,True,match,Reporte-Mensual-de-Conflictos-Sociales-N-157-Marzo-2017.pdf,Reporte-Mensual-de-Conflictos-Sociales-N-157-Marzo-2017.pdf
158,True,True,match,Reporte-Mensual-de-Conflictos-Sociales-N-158-Abril-2017.pdf,Reporte-Mensual-de-Conflictos-Sociales-N-158-Abril-2017.pdf
159,True,True,match,Reporte-Mensual-de-Conflictos-Sociales-N-159-Mayo-2017.pdf,Reporte-Mensual-de-Conflictos-Sociales-N-159-Mayo-2017.pdf
160,True,True,match,Reporte-Mensual-de-Conflictos-Sociales-N-160-Junio-2017.pdf,Reporte-Mensual-de-Conflictos-Sociales-N-160-Junio-2017.pdf
161,True,True,match,Reporte-Mensual-de-Conflictos-Sociales-N-161-Julio-2017.pdf,Reporte-Mensual-de-Conflictos-Sociales-N-161-Julio-2017.pdf
162,True,True,match,Reporte-Mensual-de-Conflictos-Sociales-N-162-Agosto-2017.pdf,Reporte-Mensual-de-Conflictos-Sociales-N-162-Agosto-2017.pdf
163,True,True,match,Reporte-Mensual-de-Conflictos-Sociales-N-163-Septiembre-2017.pdf,Reporte-Mensual-de-Conflictos-Sociales-N-163-Septiembre-2017.pdf
164,True,True,match,Reporte-Mensual-de-Conflictos-Sociales-N-164-Octubre-2017.pdf,Reporte-Mensual-de-Conflictos-Sociales-N-164-Octubre-2017.pdf
165,True,True,match,Reporte-Mensual-de-Conflictos-Sociales-N-165-Noviembre-2017.pdf,Reporte-Mensual-de-Conflictos-Sociales-N-165-Noviembre-2017.pdf
166,True,True,match,Reporte-Mensual-de-Conflictos-Sociales-N-166-Diciembre-2017.pdf,Reporte-Mensual-de-Conflictos-Sociales-N-166-Diciembre-2017.pdf
167,True,True,match,Reporte-Mensual-de-Conflictos-Sociales-N-167-Enero-2018.pdf,Reporte-Mensual-de-Conflictos-Sociales-N-167-Enero-2018.pdf
168,True,True,match,Reporte-Mensual-de-Conflictos-Sociales-N-168-Febrero-2018.pdf,Reporte-Mensual-de-Conflictos-Sociales-N-168-Febrero-2018.pdf
169,True,True,match,Reporte-Mensual-de-Conflictos-Sociales-N°-169-Marzo-2018.pdf,Reporte-Mensual-de-Conflictos-Sociales-N_-169---Marzo-2018.pdf
170,True,True,match,Reporte-Mensual-de-Conflictos-Sociales-N°-170---Abril-2018.pdf,Reporte-Mensual-de-Conflictos-Sociales-N_-170---Abril-2018.pdf
171,True,True,match,Reporte-Mensual-de-Conflictos-Sociales-N°-171-Mayo-2018.pdf,Reporte-Mensual-de-Conflictos-Sociales-N_-171-Mayo-2018.pdf
172,True,True,match,Reporte-Mensual-de-Conflictos-Sociales-N-172---Junio-2018.pdf,Reporte-Mensual-de-Conflictos-Sociales-N-172-Junio-2018.pdf
173,True,True,match,Reporte Mensual de Conflictos Sociales N° 173 - Julio 2018.pdf,Reporte_Mensual_de_Conflictos_Sociales_N_173_-_Julio_2018.pdf
174,True,True,match,Conflictos-Sociales-N°-174-Agosto-2018.pdf,Conflictos-Sociales-N_-174-Agosto-2018.pdf
175,True,True,match,Conflictos-Sociales-N°-175-Septiembre-2018.pdf.pdf,Conflictos-Sociales-N_-175-Septiembre-2018.pdf
176,True,True,match,Conflictos-Sociales-N°-176-Octubre-2018.pdf,Conflictos-Sociales-N_-176-Octubre-2018.pdf
177,True,True,match,Conflictos Sociales N° 177 - Noviembre 2018.pdf,Conflictos_Sociales_N_177_-_Noviembre_2018.pdf
178,True,True,match,Conflictos-Sociales-N°-178-Diciembre-2018.pdf,Conflictos-Sociales-N_-178-Diciembre-2018.pdf
179,True,True,match,Conflictos-Sociales-N°-179-Enero-2019.pdf,Conflictos-Sociales-N_-179-Enero-2019.pdf
180,True,True,match,Conflictos-Sociales-N°-180-Febrero-2018.pdf,Conflictos-Sociales-N_-180-Febrero-2018.pdf
181,True,True,match,Conflictos-Sociales-N°-181-Marzo-2019.pdf,Conflictos-Sociales-N_-181-Marzo-2019.pdf
182,True,True,match,Conflictos-Sociales-N°-182-Abril-2019.pdf,Conflictos-Sociales-N_-182-Abril-2019.pdf
183,True,True,match,Conflictos-Sociales-N°-183-Mayo-2019.pdf,Conflictos-Sociales-N_-183-Mayo-2019.pdf
184,True,True,match,Conflictos-Sociales-N°-184-Junio-2019.pdf,Conflictos-Sociales-N_-184-Junio-2019.pdf
185,True,True,match,Conflictos Sociales N° 185 - Julio 2019.pdf,Conflictos_Sociales_N_185_-_Julio_2019.pdf
186,True,True,match,Conflictos Sociales N° 186 - Agosto 2019.pdf,Conflictos_Sociales_N_186_-_Agosto_2019.pdf
187,True,True,match,Conflictos Sociales N° 187 - Septiembre 2019.pdf,Conflictos_Sociales_N_187_-_Septiembre_2019.pdf
188,True,True,match,Conflictos-Sociales-N°-188-Octubre-2019.pdf,Conflictos-Sociales-N_-188-Octubre-2019.pdf
189,True,True,match,Conflictos Sociales N° 189 - Noviembre 2019.pdf,Conflictos_Sociales_N_189_-_Noviembre_2019.pdf
190,True,True,match,Conflictos Sociales N° 190 - diciembre 2019.pdf,Conflictos_Sociales_N_190_-_diciembre_2019.pdf
191,True,True,match,Conflictos-Sociales-N°-191-Enero-2020.pdf,Conflictos-Sociales-N_-191-Enero-2020.pdf
192,True,True,match,Reporte Mensual de Conflictos Sociales N° 192 - febrero 2020.pdf,Reporte_Mensual_de_Conflictos_Sociales_N_192_-_febrero_2020.pdf
193,True,True,match,Reporte Mensual de Conflictos Sociales N° 193 - marzo 2020.pdf,Reporte_Mensual_de_Conflictos_Sociales_N_193_-_marzo_2020.pdf
194,True,True,match,Reporte-Mensual-de-Conflictos-Sociales-N°-194-abril-2020.pdf,Reporte-Mensual-de-Conflictos-Sociales-N_-194-abril-2020.pdf
195,True,True,match,Reporte-Mensual-de-Conflictos-Sociales-N°-195-mayo-2020.pdf,Reporte-Mensual-de-Conflictos-Sociales-N_-195-mayo-2020.pdf
196,True,True,match,Reporte-Mensual-de-Conflictos-Sociales-N°-196-junio-2020.pdf,Reporte-Mensual-de-Conflictos-Sociales-N_-196-junio-2020.pdf
197,True,True,match,Reporte-Mensual-de-Conflictos-Sociales-N°-197-julio-2020.pdf,Reporte-Mensual-de-Conflictos-Sociales-N_-197-julio-2020.pdf
198,True,True,match,Reporte Mensual de Conflictos Sociales N° 198 - agosto 2020.pdf,Reporte_Mensual_de_Conflictos_Sociales_N_198_-_agosto_2020.pdf
199,True,True,match,Reporte-Mensual-de-Conflictos-Sociales-N°-199-septiembre-2020.pdf,Reporte-Mensual-de-Conflictos-Sociales-N_-199-septiembre-2020.pdf
200,True,True,match,Reporte-Mensual-de-Conflictos-Sociales-N°-200-octubre-2020.pdf,Reporte-Mensual-de-Conflictos-Sociales-N_-200-octubre-2020.pdf
201,True,True,match,Reporte-Mensual-de-Conflictos-Sociales-N°-201-noviembre-2020.pdf,Reporte-Mensual-de-Conflictos-Sociales-N_-201-noviembre-2020.pdf
202,True,True,match,Reporte-Mensual-de-Conflictos-Sociales-N°-202-diciembre-2020.pdf,Reporte-Mensual-de-Conflictos-Sociales-N_-202-diciembre-2020.pdf
203,True,True,match,Reporte-Mensual-de-Conflictos-Sociales-N°-203-enero-2021.pdf,Reporte-Mensual-de-Conflictos-Sociales-N_-203-enero-2021.pdf
204,True,True,match,Reporte-Mensual-de-Conflictos-Sociales-N°-204-febrero-2021.pdf,Reporte-Mensual-de-Conflictos-Sociales-N_-204-febrero-2021.pdf
205,True,True,match,Reporte-Mensual-de-Conflictos-Sociales-N°-205-marzo-2021.pdf,Reporte-Mensual-de-Conflictos-Sociales-N_-205-marzo-2021.pdf
206,True,True,match,Reporte-Mensual-de-Conflictos-Sociales-N°-206-abril-2021.pdf,Reporte-Mensual-de-Conflictos-Sociales-N_-206-abril-2021.pdf
207,True,True,match,Reporte-Mensual-de-Conflictos-Sociales-N°-207-Mayo-2021.pdf,Reporte-Mensual-de-Conflictos-Sociales-N_-207-Mayo-2021.pdf
208,True,True,match,Reporte-Mensual-de-Conflictos-Sociales-N°-208-junio-2021.pdf,Reporte-Mensual-de-Conflictos-Sociales-N_-208-junio-2021.pdf
209,True,True,match,Reporte-Mensual-de-Conflictos-Sociales-N°-209-julio-2021.pdf,Reporte-Mensual-de-Conflictos-Sociales-N_-209-julio-2021.pdf
210,True,True,match,Reporte-Mensual-de-Conflictos-Sociales-N°-210-agosto-2021.pdf,Reporte-Mensual-de-Conflictos-Sociales-N_-210-agosto-2021.pdf
211,True,True,match,Reporte-Mensual-de-Conflictos-Sociales-N°-211-setiembre-2021.pdf,Reporte-Mensual-de-Conflictos-Sociales-N_-211-setiembre-2021.pdf
212,True,True,match,Reporte-Mensual-de-Conflictos-Sociales-n.°-212-octubre-2021.pdf,Reporte-Mensual-de-Conflictos-Sociales-n._-212-octubre-2021.pdf
213,True,True,match,Reporte-Mensual-de-Conflictos-Sociales-N°-213-noviembre-2021.pdf,Reporte-Mensual-de-Conflictos-Sociales-N_-213-noviembre-2021.pdf
214,True,True,match,Reporte-Mensual-de-Conflictos-Sociales-n.°-214-–-diciembre-2021.pdf,Reporte-Mensual-de-Conflictos-Sociales-n._-214-_-diciembre-2021.pdf
215,True,True,match,Reporte-Mensual-de-Conflictos-Sociales-N°-215-Enero-2022-1.pdf,Reporte-Mensual-de-Conflictos-Sociales-N_-215-Enero-2022-1.pdf
216,True,True,match,Reporte-Mensual-de-Conflictos-Sociales-N°-216-Febrero-2022-VF.pdf,Reporte-Mensual-de-Conflictos-Sociales-N_-216-Febrero-2022-VF.pdf
217,True,True,match,Reporte-Mensual-de-Conflictos-Sociales-N°-217-Marzo-2022.pdf.pdf,Reporte-Mensual-de-Conflictos-Sociales-N_-217-Marzo-2022.pdf.pdf
218,True,True,match,Reporte-Mensual-de-Conflictos-Sociales-n.º-218-–-abril-2022.pdf,Reporte-Mensual-de-Conflictos-Sociales-n.º-218-_-abril-2022.pdf
219,True,True,match,Reporte-Mensual-de-Conflictos-Sociales-N°-219-Mayo-2022.pdf,Reporte-Mensual-de-Conflictos-Sociales-N_-219-Mayo-2022.pdf
220,True,True,match,Reporte-Mensual-de-Conflictos-Sociales-N°-220-Junio-2022.pdf,Reporte-Mensual-de-Conflictos-Sociales-N_-220-Junio-2022.pdf
221,True,True,match,Reporte-Mensual-de-Conflictos-Sociales-n.°-221-julio-2022.pdf,Reporte-Mensual-de-Conflictos-Sociales-n._-221-julio-2022.pdf
222,True,True,match,Reporte-Mensual-de-Conflictos-Sociales-N°-222-Agosto-2022.pdf,Reporte-Mensual-de-Conflictos-Sociales-N_-222-Agosto-2022.pdf
223,True,True,match,Reporte-Mensual-de-Conflictos-Sociales-N°-223-Setiembre-2022.pdf,Reporte-Mensual-de-Conflictos-Sociales-N_-223-Setiembre-2022.pdf
224,True,True,match,Reporte-Mensual-de-Conflictos-Sociales-N°-224-Octubre-2022.pdf,Reporte-Mensual-de-Conflictos-Sociales-N_-224-Octubre-2022.pdf
225,True,True,match,Reporte-Mensual-de-Conflictos-Sociales-N°-225-Noviembre-2022.pdf,Reporte-Mensual-de-Conflictos-Sociales-N_-225-Noviembre-2022.pdf
226,True,True,match,Reporte-Mensual-de-Conflictos-Sociales-n.°-226-diciembre-2022.pdf,Reporte-Mensual-de-Conflictos-Sociales-n._-226-diciembre-2022.pdf
227,True,True,match,Reporte-Mensual-de-Conflictos-Sociales-N°-227-Enero-2023.pdf,Reporte-Mensual-de-Conflictos-Sociales-N_-227-Enero-2023.pdf
228,True,True,match,Reporte-Mensual-de-Conflictos-Sociales-N°-228-Febrero-2023.pdf,Reporte-Mensual-de-Conflictos-Sociales-N_-228-Febrero-2023.pdf
229,True,True,match,Reporte-Mensual-de-Conflictos-Sociales-N-229-Marzo-2023.pdf,Reporte-Mensual-de-Conflictos-Sociales-N-229-Marzo-2023.pdf
230,True,True,match,Reporte-Mensual-de-Conflictos-Sociales-N230_Abril-2023.pdf,Reporte-Mensual-de-Conflictos-Sociales-N230_Abril-2023.pdf
231,True,True,match,Reporte-Mensual-de-Conflictos-Sociales-N°-231-mayo-2023.pdf,Reporte-Mensual-de-Conflictos-Sociales-N_-231-mayo-2023.pdf
232,True,True,match,Reporte-Mensual-de-Conflictos-Sociales-N°-232-Junio-2023.pdf,Reporte-Mensual-de-Conflictos-Sociales-N_-232-Junio-2023.pdf
233,True,True,match,Reporte-Mensual-de-Conflictos-Sociales-N°-233-Julio-2023.pdf,Reporte-Mensual-de-Conflictos-Sociales-N_-233-Julio-2023.pdf
234,True,True,match,Reporte-Mensual-de-Conflictos-Sociales-N°-234-Agosto-2023.pdf,Reporte-Mensual-de-Conflictos-Sociales-N_-234-Agosto-2023.pdf
235,True,True,match,Reporte-Mensual-de-Conflictos-Sociales-N°-235-Setiembre-2023.pdf,Reporte-Mensual-de-Conflictos-Sociales-N_-235-Setiembre-2023.pdf
236,True,True,match,Reporte-Mensual-de-Conflictos-Sociales-N°-236-Octubre-2023.pdf,Reporte-Mensual-de-Conflictos-Sociales-N_-236-Octubre-2023.pdf
237,True,True,match,Reporte-Mensual-de-Conflictos-Sociales-N°-237-Noviembre-2023.pdf,Reporte-Mensual-de-Conflictos-Sociales-N_-237-Noviembre-2023.pdf
238,True,True,match,Reporte-Mensual-de-Conflictos-Sociales-N°-238-Diciembre-2023.pdf,Reporte-Mensual-de-Conflictos-Sociales-N_-238-Diciembre-2023.pdf
239,True,True,match,Reporte-Mensual-de-Conflictos-Sociales-N°-239-Enero-2024.pdf,Reporte-Mensual-de-Conflictos-Sociales-N_-239-Enero-2024.pdf
240,True,True,match,Reporte-Mensual-de-Conflictos-Sociales-n.°-240-Febrero-2024.pdf,Reporte-Mensual-de-Conflictos-Sociales-n._-240-Febrero-2024.pdf
241,False,True,solo_nuevo,,n241_ReporteConflictos_marzo2024.pdf
242,False,True,solo_nuevo,,n242_ReporteDeConflictos_abril24.pdf
243,True,True,match,Reporte-Mensual-de-Conflictos-Sociales-n.°-243-Mayo-2024.pdf,Reporte-Mensual-de-Conflictos-Sociales-n._-243-Mayo-2024.pdf
244,True,True,match,Reporte-Mensual-de-Conflictos-Sociales-n.°-244-Junio_2024.pdf,Reporte-Mensual-de-Conflictos-Sociales-n._-244-Junio_2024.pdf
245,True,True,match,Reporte-de-Conflictos-Sociales-n.°-245-julio-2024.pdf,Reporte-de-Conflictos-Sociales-n._-245-julio-2024.pdf
246,True,True,match,Reporte-Mensual-de-Conflictos-Sociales-N°-246-Agosto_2024-1.pdf,Reporte-Mensual-de-Conflictos-Sociales-N_-246-Agosto_2024-1.pdf
247,True,False,solo_drive,Conflictos Sociales N° 247 - setiembre 2024.pdf,
248,True,True,match,Reporte-Mensual-de-Conflictos-Sociales-N°-248-Octubre_2024.pdf,Reporte-Mensual-de-Conflictos-Sociales-N_-248-Octubre_2024.pdf
249,True,False,solo_drive,Reporte-Conflictos-Sociales-249-Noviembre-2024.pdf,
250,True,True,match,Reporte-Conflictos-Sociales-250-Diciembre-2024.pdf,Reporte-Conflictos-Sociales-250-Diciembre-2024.pdf
251,True,True,match,Reporte-Mensual-de-Conflictos-Sociales-N-251-Enero-2025.pdf,Reporte-Mensual-de-Conflictos-Sociales-N-251-Enero-2025.pdf
253,False,True,solo_nuevo,,3.-Reporte-Mensual-de-Conflictos-Sociales-N_-253-Mar_2025.pdf
254,False,True,solo_nuevo,,Reporte-Mensual-de-Conflictos-Sociales-N_-254-Abr_2025.pdf
255,False,True,solo_nuevo,,Reporte-de-conflictos-sociales-n.º-255-_-mayo-2025.pdf
256,False,True,solo_nuevo,,Reporte-de-conflictos-sociales-n.º-256-_-junio-2025.pdf
257,False,True,solo_nuevo,,Reporte-de-conflictos-sociales-n.º-257-_-julio-2025.pdf
258,False,True,solo_nuevo,,Reporte-de-conflictos-sociales-n.º-258-_-agosto-2025.pdf
259,False,True,solo_nuevo,,Reporte-de-Conflictos-Sociales-N_-259.pdf
260,False,True,solo_nuevo,,Reporte-Mensual-de-Conflictos-Sociales-N_-260-Oct_2025.pdf
262,False,True,solo_nuevo,,Reporte-de-conflictos-sociales-n.º-262-_-diciembre-2025.pdf
264,False,True,solo_nuevo,,Reporte-de-Conflictos-Sociales-n-264-febrero-26.pdf
265,False,True,solo_nuevo,,Reporte-de-Conflictos-Sociales-n-265-VF.pdf
266,False,True,solo_nuevo,,Reporte-de-Conflictos-Sociales-n-266-VF.pdf
267,False,True,solo_nuevo,,Reporte-de-Conflictos-Sociales-n-267-VF.pdf
268,False,True,solo_nuevo,,Reporte-de-Conflictos-Sociales-n-268.pdf
269,False,True,solo_nuevo,,Reporte-de-Conflictos-Sociales-n-269.pdf
