origen,archivo,numero,mes,anio,fuente_fecha,chars_portada
nuevo,3.-Reporte-Mensual-de-Conflictos-Sociales-N_-253-Mar_2025.pdf,253,3,2025,pdf,3458
nuevo,conflictos-62.pdf,62,4,2009,pdf,2490
nuevo,conflictos-67.pdf,67,9,2009,pdf,2663
nuevo,Conflictos-Reporte-53.pdf,53,7,2008,pdf,4648
nuevo,Conflictos-Reporte-68.pdf,68,10,2009,pdf,2659
nuevo,Conflictos-Reporte72.pdf,72,2,2010,pdf,2185
nuevo,Conflictos-Sociales-51.pdf,51,5,2008,pdf,4275
nuevo,Conflictos-Sociales-N_-174-Agosto-2018.pdf,174,8,2018,pdf,4162
nuevo,Conflictos-Sociales-N_-175-Septiembre-2018.pdf,175,9,2018,pdf,4392
nuevo,Conflictos-Sociales-N_-176-Octubre-2018.pdf,176,10,2018,pdf,4189
nuevo,Conflictos-Sociales-N_-178-Diciembre-2018.pdf,178,12,2018,pdf,4174
nuevo,Conflictos-Sociales-N_-179-Enero-2019.pdf,179,1,2019,pdf,4206
nuevo,Conflictos-Sociales-N_-180-Febrero-2018.pdf,180,2,2019,pdf,4178
nuevo,Conflictos-Sociales-N_-181-Marzo-2019.pdf,181,3,2019,pdf,4202
nuevo,Conflictos-Sociales-N_-182-Abril-2019.pdf,182,4,2019,pdf,4182
nuevo,Conflictos-Sociales-N_-183-Mayo-2019.pdf,183,5,2019,pdf,4188
nuevo,Conflictos-Sociales-N_-184-Junio-2019.pdf,184,6,2019,pdf,4184
nuevo,Conflictos-Sociales-N_-188-Octubre-2019.pdf,188,10,2019,pdf,4194
nuevo,Conflictos-Sociales-N_-191-Enero-2020.pdf,191,1,2020,pdf,4137
nuevo,Conflictos-Sociales-N_-60-Febrero-2009.pdf,60,2,2009,pdf,2346
nuevo,Conflictos-Sociales-N_-79-Septiembre-2010.pdf,79,9,2010,pdf,2237
nuevo,conflictos_reporte_58.pdf,58,12,2008,pdf,2568
nuevo,conflictos_reporte_61.pdf,61,3,2009,pdf,2483
nuevo,conflictos_sociales23.pdf,23,1,2006,pdf,3779
nuevo,conflictos_sociales24.pdf,24,2,2006,pdf,3869
nuevo,conflictos_sociales25.pdf,25,3,2006,pdf,4645
nuevo,conflictos_sociales26.pdf,26,4,2006,pdf,4889
nuevo,conflictos_sociales27.pdf,27,5,2006,pdf,4424
nuevo,conflictos_sociales28.pdf,28,6,2006,pdf,3907
nuevo,conflictos_sociales29.pdf,29,7,2006,pdf,4315
nuevo,conflictos_sociales30.pdf,30,8,2006,pdf,4596
nuevo,conflictos_sociales31.pdf,31,9,2006,pdf,4645
nuevo,conflictos_sociales32.pdf,32,10,2006,pdf,4532
nuevo,conflictos_sociales33.pdf,33,11,2006,pdf,3799
nuevo,conflictos_sociales35.pdf,35,1,2007,pdf,7464
nuevo,conflictos_sociales35_especial.pdf,142,1,2007,pdf,2597
nuevo,conflictos_sociales36.pdf,36,2,2007,pdf,6169
nuevo,conflictos_sociales37.pdf,37,3,2007,pdf,6370
nuevo,conflictos_sociales38.pdf,38,4,2007,pdf,6377
nuevo,conflictos_sociales39.pdf,39,5,2007,pdf,5144
nuevo,conflictos_sociales40.pdf,40,6,2007,pdf,5002
nuevo,conflictos_sociales41.pdf,41,7,2007,pdf,5484
nuevo,conflictos_sociales42.pdf,42,8,2007,pdf,4858
nuevo,conflictos_sociales43.pdf,43,9,2007,pdf,4736
nuevo,conflictos_sociales44-CS.pdf,44,10,2007,pdf,4928
nuevo,conflictos_sociales45-CS.pdf,45,11,2007,pdf,4779
nuevo,conflictos_sociales47.pdf,47,1,2008,pdf,5199
nuevo,conflictos_sociales48.pdf,48,2,2008,pdf,5483
nuevo,conflictos_sociales49.pdf,49,3,2008,pdf,5215
nuevo,conflictos_sociales50.pdf,50,4,2008,pdf,4438
nuevo,conflictos_sociales52.pdf,52,6,2008,pdf,4410
nuevo,conflictos_sociales54.pdf,54,8,2008,pdf,4838
nuevo,Conflictos_Sociales_N_177_-_Noviembre_2018.pdf,177,11,2018,pdf,4188
nuevo,Conflictos_Sociales_N_185_-_Julio_2019.pdf,185,7,2019,pdf,4185
nuevo,Conflictos_Sociales_N_186_-_Agosto_2019.pdf,186,8,2019,pdf,4181
nuevo,Conflictos_Sociales_N_187_-_Septiembre_2019.pdf,187,9,2019,pdf,4185
nuevo,Conflictos_Sociales_N_189_-_Noviembre_2019.pdf,189,11,2019,pdf,4197
nuevo,Conflictos_Sociales_N_190_-_diciembre_2019.pdf,190,12,2019,pdf,4211
nuevo,n1_Informe-de-adjuntía-Nº-001-2019-DP-APCSG-Los-costos-del-conflicto-social20200803-1197146-1275lpe.pdf,1,,,sin_fecha,0
nuevo,n241_ReporteConflictos_marzo2024.pdf,241,3,2024,pdf,3161
nuevo,n242_ReporteDeConflictos_abril24.pdf,242,4,2024,pdf,3167
nuevo,n69_conflictos_reporte_61_marzo2009.pdf,61,3,2009,pdf,2483
nuevo,reporte-conflictos-55.pdf,55,9,2008,pdf,5145
nuevo,reporte-conflictos-56.pdf,56,10,2008,pdf,2845
nuevo,reporte-conflictos-57.pdf,57,11,2008,pdf,5783
nuevo,Reporte-conflictos-93.pdf,93,11,2011,pdf,3989
nuevo,Reporte-Conflictos-Sociales-250-Diciembre-2024.pdf,250,12,2024,pdf,3430
nuevo,Reporte-de-conflictos-N-94.pdf,94,12,2011,pdf,3993
nuevo,Reporte-de-Conflictos-Sociales-n-264-febrero-26.pdf,264,2,2026,pdf,3281
nuevo,Reporte-de-Conflictos-Sociales-n-265-VF.pdf,265,3,2026,pdf,3269
nuevo,Reporte-de-Conflictos-Sociales-n-266-VF.pdf,266,4,2026,pdf,3289
nuevo,Reporte-de-Conflictos-Sociales-n-267-VF.pdf,267,5,2026,pdf,3265
nuevo,Reporte-de-Conflictos-Sociales-n-268.pdf,268,6,2026,pdf,3278
nuevo,Reporte-de-Conflictos-Sociales-n-269.pdf,269,7,2026,pdf,3259
nuevo,Reporte-de-Conflictos-Sociales-N-96-Febrero-2012.pdf,96,2,2012,pdf,4034
nuevo,Reporte-de-Conflictos-Sociales-N-97-Marzo-2012.pdf,97,3,2012,pdf,3984
nuevo,Reporte-de-Conflictos-Sociales-n._-245-julio-2024.pdf,245,7,2024,pdf,3243
nuevo,Reporte-de-conflictos-sociales-n.º-255-_-mayo-2025.pdf,255,5,2025,pdf,3456
nuevo,Reporte-de-conflictos-sociales-n.º-256-_-junio-2025.pdf,256,6,2025,pdf,3414
nuevo,Reporte-de-conflictos-sociales-n.º-257-_-julio-2025.pdf,257,7,2025,pdf,3384
nuevo,Reporte-de-conflictos-sociales-n.º-258-_-agosto-2025.pdf,258,8,2025,pdf,3459
nuevo,Reporte-de-conflictos-sociales-n.º-262-_-diciembre-2025.pdf,262,12,2025,pdf,3320
nuevo,Reporte-de-Conflictos-Sociales-N_-259.pdf,259,9,2025,pdf,3385
nuevo,Reporte-de-Mensual-Conflictos-Sociales-N-100-Junio-2012.pdf,100,6,2012,pdf,4010
nuevo,Reporte-M.-de-Conflictos-Sociales-N-105-Noviembre-2012.pdf,105,11,2012,pdf,4084
nuevo,Reporte-M.-de-Conflictos-Sociales-N-106-Diciembre-2012.pdf,106,12,2012,pdf,4056
nuevo,Reporte-M.-de-Conflictos-Sociales-N-107-Ene-2013.pdf,107,1,2013,pdf,4024
nuevo,Reporte-M.-de-Conflictos-Sociales-N-108-Feb-2013.pdf,108,2,2013,pdf,3986
nuevo,Reporte-M.-de-Conflictos-Sociales-N-109-Mar-2013.pdf,109,3,2013,pdf,4005
nuevo,Reporte-M.-de-Conflictos-Sociales-N-110-Abr-2013.pdf,110,4,2013,pdf,3990
nuevo,Reporte-M.-de-Conflictos-Sociales-N-111-Mayo2013.pdf,111,5,2013,pdf,4045
nuevo,Reporte-M.-de-Conflictos-Sociales-N-112-Junio-2013.pdf,112,6,2013,pdf,4031
nuevo,Reporte-M.-de-Conflictos-Sociales-N-99-May-2012.pdf,99,5,2012,pdf,4010
nuevo,Reporte-Mensual-Conflictos-Sociales-125-Julio-2014.pdf,125,7,2014,pdf,4005
nuevo,Reporte-Mensual-de-Conflictos-Sociales-N-101-Julio-12.pdf,101,7,2012,pdf,4010
nuevo,Reporte-Mensual-de-Conflictos-Sociales-N-102-Ago-12.pdf,102,8,2012,pdf,4005
nuevo,Reporte-Mensual-de-Conflictos-Sociales-N-103-Sept-2012.pdf,103,9,2012,pdf,4075
nuevo,Reporte-Mensual-de-Conflictos-Sociales-N-104-Octu-2012.pdf,104,10,2012,pdf,4059
nuevo,Reporte-Mensual-de-Conflictos-Sociales-N-113-Julio-2013.pdf,113,7,2013,pdf,4048
nuevo,Reporte-Mensual-de-Conflictos-Sociales-N-114-Agosto-2013.pdf,114,8,2013,pdf,4013
nuevo,Reporte-Mensual-de-Conflictos-Sociales-N-115-Septiembre-2013.pdf,115,9,2013,pdf,4027
nuevo,Reporte-Mensual-de-Conflictos-Sociales-N-116-Octubre-2013.pdf,116,10,2013,pdf,4001
nuevo,Reporte-Mensual-de-Conflictos-Sociales-N-117-noviembre-2013.pdf,117,11,2013,pdf,4026
nuevo,Reporte-Mensual-de-Conflictos-Sociales-N-118-diciembre-2013.pdf,118,12,2013,pdf,4014
nuevo,Reporte-Mensual-de-Conflictos-Sociales-N-119-enero-2014.pdf,119,1,2014,pdf,3993
nuevo,Reporte-Mensual-de-Conflictos-Sociales-N-120-Febrero-2014.pdf,120,2,2014,pdf,3993
nuevo,Reporte-Mensual-de-Conflictos-Sociales-N-121-marzo-2014.pdf,121,3,2014,pdf,4008
nuevo,Reporte-Mensual-de-Conflictos-Sociales-N-122.pdf,122,4,2014,pdf,4026
nuevo,Reporte-Mensual-de-Conflictos-Sociales-N-123-2014.pdf,123,5,2014,pdf,4059
nuevo,Reporte-Mensual-de-Conflictos-Sociales-N-124-2014.pdf,124,6,2014,pdf,4009
nuevo,Reporte-Mensual-de-Conflictos-Sociales-N-126-Agosto-2014.pdf,126,8,2014,pdf,4016
nuevo,Reporte-Mensual-de-Conflictos-Sociales-N-127-Septiembre-2014.pdf,127,9,2014,pdf,4087
nuevo,Reporte-Mensual-de-Conflictos-Sociales-N-128-Octubre-2014.pdf,128,10,2014,pdf,4122
nuevo,Reporte-Mensual-de-Conflictos-Sociales-N-129-Noviembre-2014.pdf,129,11,2014,pdf,4124
nuevo,Reporte-Mensual-de-Conflictos-Sociales-N-130-Diciembre-2014.pdf,130,12,2014,pdf,4126
nuevo,Reporte-Mensual-de-Conflictos-Sociales-N-131-Enero-2015.pdf,131,1,2015,pdf,4123
nuevo,Reporte-Mensual-de-Conflictos-Sociales-N-132-Febrero-2015.pdf,132,2,2015,pdf,4209
nuevo,Reporte-Mensual-de-Conflictos-Sociales-N-133-Marzo-2015.pdf,133,3,2015,pdf,4200
nuevo,Reporte-Mensual-de-Conflictos-Sociales-N-134-Abril-2015.pdf,134,4,2015,pdf,4179
nuevo,Reporte-Mensual-de-Conflictos-Sociales-N-135-Mayo-2015.pdf,135,5,2015,pdf,4183
nuevo,Reporte-Mensual-de-Conflictos-Sociales-N-136-Junio-2015.pdf,136,6,2015,pdf,4117
nuevo,Reporte-Mensual-de-Conflictos-Sociales-N-137-Julio-2015.pdf,137,7,2015,pdf,4123
nuevo,Reporte-Mensual-de-Conflictos-Sociales-N-138-Agosto-2015.pdf,138,8,2015,pdf,4108
nuevo,Reporte-Mensual-de-Conflictos-Sociales-N-139-Septiembre-2015.pdf,139,9,2015,pdf,4164
nuevo,Reporte-Mensual-de-Conflictos-Sociales-N-140-Octubre-2015.pdf,140,10,2015,pdf,4148
nuevo,Reporte-Mensual-de-Conflictos-Sociales-N-141-Noviembre-2015.pdf,141,11,2015,pdf,4164
nuevo,Reporte-Mensual-de-Conflictos-Sociales-N-142-Diciembre-2015.pdf,142,12,2015,pdf,4143
nuevo,Reporte-Mensual-de-Conflictos-Sociales-N-143-Enero-2016.pdf,143,1,2016,pdf,4146
nuevo,Reporte-Mensual-de-Conflictos-Sociales-N-144-Febrero-2016.pdf,144,2,2016,pdf,4150
nuevo,Reporte-Mensual-de-Conflictos-Sociales-N-145-Marzo-2016.pdf,145,3,2016,pdf,4030
nuevo,Reporte-Mensual-de-Conflictos-Sociales-N-146-Abril-2016.pdf,146,4,2016,pdf,4062
nuevo,Reporte-Mensual-de-Conflictos-Sociales-N-147-Mayo-2016.pdf,147,5,2016,pdf,4023
nuevo,Reporte-Mensual-de-Conflictos-Sociales-N-148-Junio-2016.pdf,148,6,2016,pdf,4029
nuevo,Reporte-Mensual-de-Conflictos-Sociales-N-149-Julio-2016.pdf,149,7,2016,pdf,4033
nuevo,Reporte-Mensual-de-Conflictos-Sociales-N-150-Agosto-2016.pdf,150,8,2016,pdf,4020
nuevo,Reporte-Mensual-de-Conflictos-Sociales-N-151-Septiembre-2016.pdf,151,9,2016,pdf,4023
nuevo,Reporte-Mensual-de-Conflictos-Sociales-N-152---Octubre-2016.pdf,152,10,2016,pdf,4038
nuevo,Reporte-Mensual-de-Conflictos-Sociales-N-153-Noviembre-2016.pdf,153,11,2016,pdf,4046
nuevo,Reporte-Mensual-de-Conflictos-Sociales-N-154-Diciembre-2016.pdf,154,12,2016,pdf,4049
nuevo,Reporte-Mensual-de-Conflictos-Sociales-N-155-Enero-2017-1.pdf,155,1,2017,pdf,4046
nuevo,Reporte-Mensual-de-Conflictos-Sociales-N-157-Marzo-2017.pdf,157,3,2017,pdf,4039
nuevo,Reporte-Mensual-de-Conflictos-Sociales-N-158-Abril-2017.pdf,158,4,2017,pdf,4046
nuevo,Reporte-Mensual-de-Conflictos-Sociales-N-159-Mayo-2017.pdf,159,5,2017,pdf,4076
nuevo,Reporte-Mensual-de-Conflictos-Sociales-N-160-Junio-2017.pdf,160,6,2017,pdf,4064
nuevo,Reporte-Mensual-de-Conflictos-Sociales-N-161-Julio-2017.pdf,161,7,2017,pdf,4078
nuevo,Reporte-Mensual-de-Conflictos-Sociales-N-162-Agosto-2017.pdf,162,8,2017,pdf,4102
nuevo,Reporte-Mensual-de-Conflictos-Sociales-N-163-Septiembre-2017.pdf,163,9,2017,pdf,4093
nuevo,Reporte-Mensual-de-Conflictos-Sociales-N-164-Octubre-2017.pdf,164,10,2017,pdf,4107
nuevo,Reporte-Mensual-de-Conflictos-Sociales-N-165-Noviembre-2017.pdf,165,11,2017,pdf,4093
nuevo,Reporte-Mensual-de-Conflictos-Sociales-N-166-Diciembre-2017.pdf,166,12,2017,pdf,4190
nuevo,Reporte-Mensual-de-Conflictos-Sociales-N-167-Enero-2018.pdf,167,1,2018,pdf,4180
nuevo,Reporte-Mensual-de-Conflictos-Sociales-N-168-Febrero-2018.pdf,168,2,2018,pdf,4147
nuevo,Reporte-Mensual-de-Conflictos-Sociales-N-172-Junio-2018.pdf,172,6,2018,pdf,4110
nuevo,Reporte-Mensual-de-Conflictos-Sociales-N-229-Marzo-2023.pdf,229,3,2023,pdf,4189
nuevo,Reporte-Mensual-de-Conflictos-Sociales-N-251-Enero-2025.pdf,251,1,2025,pdf,3474
nuevo,Reporte-Mensual-de-Conflictos-Sociales-N-34---Diciembre-2006.pdf,34,12,2006,pdf,4077
nuevo,Reporte-Mensual-de-Conflictos-Sociales-N-95-Enero-2012.pdf,95,1,2012,pdf,4013
nuevo,Reporte-Mensual-de-Conflictos-Sociales-N-98-Abril-2012.pdf,98,4,2012,pdf,3983
nuevo,Reporte-Mensual-de-Conflictos-Sociales-n._-212-octubre-2021.pdf,212,10,2021,pdf,4148
nuevo,Reporte-Mensual-de-Conflictos-Sociales-n._-214-_-diciembre-2021.pdf,214,12,2021,pdf,4156
nuevo,Reporte-Mensual-de-Conflictos-Sociales-n._-221-julio-2022.pdf,221,7,2022,pdf,4204
nuevo,Reporte-Mensual-de-Conflictos-Sociales-n._-226-diciembre-2022.pdf,226,12,2022,pdf,4237
nuevo,Reporte-Mensual-de-Conflictos-Sociales-n._-240-Febrero-2024.pdf,240,2,2024,pdf,3151
nuevo,Reporte-Mensual-de-Conflictos-Sociales-n._-243-Mayo-2024.pdf,243,5,2024,pdf,3169
nuevo,Reporte-Mensual-de-Conflictos-Sociales-n._-244-Junio_2024.pdf,244,6,2024,pdf,3221
nuevo,Reporte-Mensual-de-Conflictos-Sociales-n.º-218-_-abril-2022.pdf,218,4,2022,pdf,4210
nuevo,Reporte-Mensual-de-Conflictos-Sociales-N230_Abril-2023.pdf,230,4,2023,pdf,4167
nuevo,Reporte-Mensual-de-Conflictos-Sociales-N_-169---Marzo-2018.pdf,156,2,2017,pdf,4034
nuevo,Reporte-Mensual-de-Conflictos-Sociales-N_-170---Abril-2018.pdf,170,4,2018,pdf,4192
nuevo,Reporte-Mensual-de-Conflictos-Sociales-N_-171-Mayo-2018.pdf,171,5,2018,pdf,4154
nuevo,Reporte-Mensual-de-Conflictos-Sociales-N_-194-abril-2020.pdf,194,4,2020,pdf,4596
nuevo,Reporte-Mensual-de-Conflictos-Sociales-N_-195-mayo-2020.pdf,195,5,2020,pdf,4622
nuevo,Reporte-Mensual-de-Conflictos-Sociales-N_-196-junio-2020.pdf,196,6,2020,pdf,4338
nuevo,Reporte-Mensual-de-Conflictos-Sociales-N_-197-julio-2020.pdf,197,7,2020,pdf,4355
nuevo,Reporte-Mensual-de-Conflictos-Sociales-N_-199-septiembre-2020.pdf,199,9,2020,pdf,4358
nuevo,Reporte-Mensual-de-Conflictos-Sociales-N_-200-octubre-2020.pdf,200,10,2020,pdf,4342
nuevo,Reporte-Mensual-de-Conflictos-Sociales-N_-201-noviembre-2020.pdf,201,11,2020,pdf,4355
nuevo,Reporte-Mensual-de-Conflictos-Sociales-N_-202-diciembre-2020.pdf,202,12,2020,pdf,4158
nuevo,Reporte-Mensual-de-Conflictos-Sociales-N_-203-enero-2021.pdf,203,1,2021,pdf,4161
nuevo,Reporte-Mensual-de-Conflictos-Sociales-N_-204-febrero-2021.pdf,204,2,2021,pdf,4141
nuevo,Reporte-Mensual-de-Conflictos-Sociales-N_-205-marzo-2021.pdf,205,3,2021,pdf,4152
nuevo,Reporte-Mensual-de-Conflictos-Sociales-N_-206-abril-2021.pdf,206,4,2021,pdf,4186
nuevo,Reporte-Mensual-de-Conflictos-Sociales-N_-207-Mayo-2021.pdf,207,5,2021,pdf,4182
nuevo,Reporte-Mensual-de-Conflictos-Sociales-N_-208-junio-2021.pdf,208,6,2021,pdf,4167
nuevo,Reporte-Mensual-de-Conflictos-Sociales-N_-209-julio-2021.pdf,209,7,2021,pdf,4194
nuevo,Reporte-Mensual-de-Conflictos-Sociales-N_-210-agosto-2021.pdf,210,8,2021,pdf,4147
nuevo,Reporte-Mensual-de-Conflictos-Sociales-N_-211-setiembre-2021.pdf,211,9,2021,pdf,4172
nuevo,Reporte-Mensual-de-Conflictos-Sociales-N_-213-noviembre-2021.pdf,213,11,2021,pdf,4174
nuevo,Reporte-Mensual-de-Conflictos-Sociales-N_-215-Enero-2022-1.pdf,215,1,2022,pdf,4192
nuevo,Reporte-Mensual-de-Conflictos-Sociales-N_-216-Febrero-2022-VF.pdf,216,2,2022,pdf,4214
nuevo,Reporte-Mensual-de-Conflictos-Sociales-N_-217-Marzo-2022.pdf.pdf,217,3,2022,pdf,4213
nuevo,Reporte-Mensual-de-Conflictos-Sociales-N_-219-Mayo-2022.pdf,219,5,2022,pdf,4165
nuevo,Reporte-Mensual-de-Conflictos-Sociales-N_-220-Junio-2022.pdf,220,6,2022,pdf,4196
nuevo,Reporte-Mensual-de-Conflictos-Sociales-N_-222-Agosto-2022.pdf,222,8,2022,pdf,4255
nuevo,Reporte-Mensual-de-Conflictos-Sociales-N_-223-Setiembre-2022.pdf,223,9,2022,pdf,4280
nuevo,Reporte-Mensual-de-Conflictos-Sociales-N_-224-Octubre-2022.pdf,224,10,2022,pdf,4269
nuevo,Reporte-Mensual-de-Conflictos-Sociales-N_-225-Noviembre-2022.pdf,225,11,2022,pdf,4285
nuevo,Reporte-Mensual-de-Conflictos-Sociales-N_-227-Enero-2023.pdf,227,1,2023,pdf,4216
nuevo,Reporte-Mensual-de-Conflictos-Sociales-N_-228-Febrero-2023.pdf,228,2,2023,pdf,4213
nuevo,Reporte-Mensual-de-Conflictos-Sociales-N_-231-mayo-2023.pdf,231,5,2023,pdf,4161
nuevo,Reporte-Mensual-de-Conflictos-Sociales-N_-232-Junio-2023.pdf,232,6,2023,pdf,4152
nuevo,Reporte-Mensual-de-Conflictos-Sociales-N_-233-Julio-2023.pdf,233,7,2023,pdf,4182
nuevo,Reporte-Mensual-de-Conflictos-Sociales-N_-234-Agosto-2023.pdf,234,8,2023,pdf,4217
nuevo,Reporte-Mensual-de-Conflictos-Sociales-N_-235-Setiembre-2023.pdf,235,9,2023,pdf,4232
nuevo,Reporte-Mensual-de-Conflictos-Sociales-N_-236-Octubre-2023.pdf,236,10,2023,pdf,4207
nuevo,Reporte-Mensual-de-Conflictos-Sociales-N_-237-Noviembre-2023.pdf,237,11,2023,pdf,4227
nuevo,Reporte-Mensual-de-Conflictos-Sociales-N_-238-Diciembre-2023.pdf,238,12,2023,pdf,4232
nuevo,Reporte-Mensual-de-Conflictos-Sociales-N_-239-Enero-2024.pdf,239,1,2024,pdf,3255
nuevo,Reporte-Mensual-de-Conflictos-Sociales-N_-246-Agosto_2024-1.pdf,246,8,2024,pdf,3187
nuevo,Reporte-Mensual-de-Conflictos-Sociales-N_-248-Octubre_2024.pdf,248,10,2024,pdf,3460
nuevo,Reporte-Mensual-de-Conflictos-Sociales-N_-254-Abr_2025.pdf,254,4,2025,pdf,3440
nuevo,Reporte-Mensual-de-Conflictos-Sociales-N_-260-Oct_2025.pdf,260,10,2025,pdf,3393
nuevo,reporte_conflictos_59_enero2009.pdf,59,1,2009,pdf,2548
nuevo,Reporte_conflictos_90.pdf,90,8,2011,pdf,4060
nuevo,Reporte_Mensual_de_Conflictos_Sociales_N_173_-_Julio_2018.pdf,173,7,2018,pdf,4168
nuevo,Reporte_Mensual_de_Conflictos_Sociales_N_192_-_febrero_2020.pdf,192,2,2020,pdf,4133
nuevo,Reporte_Mensual_de_Conflictos_Sociales_N_193_-_marzo_2020.pdf,193,3,2020,pdf,4375
nuevo,Reporte_Mensual_de_Conflictos_Sociales_N_198_-_agosto_2020.pdf,198,8,2020,pdf,4336
drive,Reporte-Mensual-de-Conflictos-Sociales-N°-246-Agosto_2024-1.pdf,246,8,2024,nombre,
drive,Reporte-Mensual-de-Conflictos-Sociales-N°-235-Setiembre-2023.pdf,235,9,2023,nombre,
drive,Reporte-Mensual-de-Conflictos-Sociales-N°-236-Octubre-2023.pdf,236,10,2023,nombre,
drive,Reporte-Mensual-de-Conflictos-Sociales-N°-228-Febrero-2023.pdf,228,2,2023,nombre,
drive,Reporte-Mensual-de-Conflictos-Sociales-N°-238-Diciembre-2023.pdf,238,12,2023,nombre,
drive,Reporte-Mensual-de-Conflictos-Sociales-N°-232-Junio-2023.pdf,232,6,2023,nombre,
drive,Reporte-Mensual-de-Conflictos-Sociales-N230_Abril-2023.pdf,,4,2023,nombre,
drive,Reporte-Mensual-de-Conflictos-Sociales-N-229-Marzo-2023.pdf,229,3,2023,nombre,
drive,Reporte-Mensual-de-Conflictos-Sociales-N-168-Febrero-2018.pdf,168,2,2018,nombre,
drive,Reporte-Mensual-de-Conflictos-Sociales-N-167-Enero-2018.pdf,167,1,2018,nombre,
drive,Reporte-Mensual-de-Conflictos-Sociales-N-166-Diciembre-2017.pdf,166,12,2017,nombre,
drive,Reporte-Mensual-de-Conflictos-Sociales-N-165-Noviembre-2017.pdf,165,11,2017,nombre,
drive,Reporte-Mensual-de-Conflictos-Sociales-N-164-Octubre-2017.pdf,164,10,2017,nombre,
drive,Reporte-Mensual-de-Conflictos-Sociales-N-163-Septiembre-2017.pdf,163,9,2017,nombre,
drive,Reporte-Mensual-de-Conflictos-Sociales-N-162-Agosto-2017.pdf,162,8,2017,nombre,
drive,Reporte-Mensual-de-Conflictos-Sociales-N-161-Julio-2017.pdf,161,7,2017,nombre,
drive,Reporte-Mensual-de-Conflictos-Sociales-N-160-Junio-2017.pdf,160,6,2017,nombre,
drive,Reporte-Mensual-de-Conflictos-Sociales-N-159-Mayo-2017.pdf,159,5,2017,nombre,
drive,Reporte-Mensual-de-Conflictos-Sociales-N-158-Abril-2017.pdf,158,4,2017,nombre,
drive,Reporte-Mensual-de-Conflictos-Sociales-N-157-Marzo-2017.pdf,157,3,2017,nombre,
drive,Reporte-Mensual-de-Conflictos-Sociales-N-155-Enero-2017-1.pdf,155,1,2017,nombre,
drive,Reporte-Mensual-de-Conflictos-Sociales-N-154-Diciembre-2016.pdf,154,12,2016,nombre,
drive,Reporte-Mensual-de-Conflictos-Sociales-N-153-Noviembre-2016.pdf,153,11,2016,nombre,
drive,Reporte-Mensual-de-Conflictos-Sociales-N-151-Septiembre-2016.pdf,151,9,2016,nombre,
drive,Reporte-Mensual-de-Conflictos-Sociales-N-150-Agosto-2016.pdf,150,8,2016,nombre,
drive,Reporte-Mensual-de-Conflictos-Sociales-N-149-Julio-2016.pdf,149,7,2016,nombre,
drive,Reporte-Mensual-de-Conflictos-Sociales-N-148-Junio-2016.pdf,148,6,2016,nombre,
drive,Reporte-Mensual-de-Conflictos-Sociales-N-147-Mayo-2016.pdf,147,5,2016,nombre,
drive,Reporte-Mensual-de-Conflictos-Sociales-N-146-Abril-2016.pdf,146,4,2016,nombre,
drive,Reporte-Mensual-de-Conflictos-Sociales-N-145-Marzo-2016.pdf,145,3,2016,nombre,
drive,Reporte-Mensual-de-Conflictos-Sociales-N-144-Febrero-2016.pdf,144,2,2016,nombre,
drive,Reporte-Mensual-de-Conflictos-Sociales-N-143-Enero-2016.pdf,143,1,2016,nombre,
drive,Reporte-Mensual-de-Conflictos-Sociales-N-142-Diciembre-2015.pdf,142,12,2015,nombre,
drive,Reporte-Mensual-de-Conflictos-Sociales-N-141-Noviembre-2015.pdf,141,11,2015,nombre,
drive,Reporte-Mensual-de-Conflictos-Sociales-N-140-Octubre-2015.pdf,140,10,2015,nombre,
drive,Reporte-Mensual-de-Conflictos-Sociales-N-139-Septiembre-2015.pdf,139,9,2015,nombre,
drive,Reporte-Mensual-de-Conflictos-Sociales-N-138-Agosto-2015.pdf,138,8,2015,nombre,
drive,Reporte-Mensual-de-Conflictos-Sociales-N-137-Julio-2015.pdf,137,7,2015,nombre,
drive,Reporte-Mensual-de-Conflictos-Sociales-N-135-Mayo-2015.pdf,135,5,2015,nombre,
drive,Reporte-Mensual-de-Conflictos-Sociales-N-134-Abril-2015.pdf,134,4,2015,nombre,
drive,Reporte-Mensual-de-Conflictos-Sociales-N-133-Marzo-2015.pdf,133,3,2015,nombre,
drive,Reporte-Mensual-de-Conflictos-Sociales-N-132-Febrero-2015.pdf,132,2,2015,nombre,
drive,Reporte-Mensual-de-Conflictos-Sociales-N-131-Enero-2015.pdf,131,1,2015,nombre,
drive,Reporte-Mensual-de-Conflictos-Sociales-N-130-Diciembre-2014.pdf,130,12,2014,nombre,
drive,Reporte-Mensual-de-Conflictos-Sociales-N-129-Noviembre-2014.pdf,129,11,2014,nombre,
drive,Reporte-Mensual-de-Conflictos-Sociales-N-128-Octubre-2014.pdf,128,10,2014,nombre,
drive,Reporte-Mensual-de-Conflictos-Sociales-N-127-Septiembre-2014.pdf,127,9,2014,nombre,
drive,Reporte-Mensual-de-Conflictos-Sociales-N-126-Agosto-2014.pdf,126,8,2014,nombre,
drive,Reporte-Mensual-de-Conflictos-Sociales-N-124-2014.pdf,124,,,nombre,
drive,Reporte-Mensual-de-Conflictos-Sociales-N-123-2014.pdf,123,,,nombre,
drive,Reporte-Mensual-de-Conflictos-Sociales-N-121-marzo-2014.pdf,121,3,2014,nombre,
drive,Reporte-Mensual-de-Conflictos-Sociales-N-120-Febrero-2014.pdf,120,2,2014,nombre,
drive,Reporte-Mensual-de-Conflictos-Sociales-N-119-enero-2014.pdf,119,1,2014,nombre,
drive,Reporte-Mensual-de-Conflictos-Sociales-N-118-diciembre-2013.pdf,118,12,2013,nombre,
drive,Reporte-Mensual-de-Conflictos-Sociales-N-117-noviembre-2013.pdf,117,11,2013,nombre,
drive,Reporte-Mensual-de-Conflictos-Sociales-N-116-Octubre-2013.pdf,116,10,2013,nombre,
drive,Reporte-Mensual-de-Conflictos-Sociales-N-115-Septiembre-2013.pdf,115,9,2013,nombre,
drive,Reporte-Mensual-de-Conflictos-Sociales-N-114-Agosto-2013.pdf,114,8,2013,nombre,
drive,Reporte-Mensual-de-Conflictos-Sociales-N-113-Julio-2013.pdf,113,7,2013,nombre,
drive,Reporte-Mensual-de-Conflictos-Sociales-N-104-Octu-2012.pdf,104,10,2012,nombre,
drive,Reporte-Mensual-de-Conflictos-Sociales-N-103-Sept-2012.pdf,103,9,2012,nombre,
drive,Reporte-Mensual-de-Conflictos-Sociales-N-102-Ago-12.pdf,102,8,2012,nombre,
drive,Reporte-Mensual-de-Conflictos-Sociales-N-101-Julio-12.pdf,101,7,2012,nombre,
drive,Reporte-Mensual-de-Conflictos-Sociales-N-98-Abril-2012.pdf,98,4,2012,nombre,
drive,Reporte-Mensual-de-Conflictos-Sociales-N-95-Enero-2012.pdf,95,1,2012,nombre,
drive,Reporte-Mensual-de-Conflictos-Sociales-N°-239-Enero-2024.pdf,239,1,2024,nombre,
drive,Reporte-Mensual-de-Conflictos-Sociales-N°-233-Julio-2023.pdf,233,7,2023,nombre,
drive,Reporte-Mensual-de-Conflictos-Sociales-N°-234-Agosto-2023.pdf,234,8,2023,nombre,
drive,Reporte-Mensual-de-Conflictos-Sociales-N°-237-Noviembre-2023.pdf,237,11,2023,nombre,
drive,Reporte-Mensual-de-Conflictos-Sociales-N°-231-mayo-2023.pdf,231,5,2023,nombre,
drive,Reporte-Mensual-de-Conflictos-Sociales-N°-224-Octubre-2022.pdf,224,10,2022,nombre,
drive,Reporte-Mensual-de-Conflictos-Sociales-N°-216-Febrero-2022-VF.pdf,216,2,2022,nombre,
drive,Reporte-Mensual-de-Conflictos-Sociales-N°-227-Enero-2023.pdf,227,1,2023,nombre,
drive,Reporte-Mensual-de-Conflictos-Sociales-N°-225-Noviembre-2022.pdf,225,11,2022,nombre,
drive,Reporte-Mensual-de-Conflictos-Sociales-N°-223-Setiembre-2022.pdf,223,9,2022,nombre,
drive,Reporte-Mensual-de-Conflictos-Sociales-N°-219-Mayo-2022.pdf,219,5,2022,nombre,
drive,Reporte-Mensual-de-Conflictos-Sociales-N°-220-Junio-2022.pdf,220,6,2022,nombre,
drive,Reporte-Mensual-de-Conflictos-Sociales-N°-222-Agosto-2022.pdf,222,8,2022,nombre,
drive,Reporte-Mensual-de-Conflictos-Sociales-N°-217-Marzo-2022.pdf.pdf,217,3,2022,nombre,
drive,Reporte-Mensual-de-Conflictos-Sociales-N°-215-Enero-2022-1.pdf,215,1,2022,nombre,
drive,Reporte-Mensual-de-Conflictos-Sociales-N°-206-abril-2021.pdf,206,4,2021,nombre,
drive,Reporte-Mensual-de-Conflictos-Sociales-N°-211-setiembre-2021.pdf,211,9,2021,nombre,
drive,Reporte-Mensual-de-Conflictos-Sociales-N°-210-agosto-2021.pdf,210,8,2021,nombre,
drive,Reporte-Mensual-de-Conflictos-Sociales-N°-208-junio-2021.pdf,208,6,2021,nombre,
drive,Reporte-Mensual-de-Conflictos-Sociales-N°-213-noviembre-2021.pdf,213,11,2021,nombre,
drive,Reporte-Mensual-de-Conflictos-Sociales-N°-204-febrero-2021.pdf,204,2,2021,nombre,
drive,Reporte-Mensual-de-Conflictos-Sociales-N°-207-Mayo-2021.pdf,207,5,2021,nombre,
drive,Reporte-Mensual-de-Conflictos-Sociales-N°-209-julio-2021.pdf,209,7,2021,nombre,
drive,Reporte-Mensual-de-Conflictos-Sociales-N°-205-marzo-2021.pdf,205,3,2021,nombre,
drive,Reporte-Mensual-de-Conflictos-Sociales-N°-203-enero-2021.pdf,203,1,2021,nombre,
drive,Reporte-Mensual-de-Conflictos-Sociales-N°-202-diciembre-2020.pdf,202,12,2020,nombre,
drive,Reporte-Mensual-de-Conflictos-Sociales-N°-200-octubre-2020.pdf,200,10,2020,nombre,
drive,Reporte-Mensual-de-Conflictos-Sociales-N°-201-noviembre-2020.pdf,201,11,2020,nombre,
drive,Reporte-Mensual-de-Conflictos-Sociales-N°-195-mayo-2020.pdf,195,5,2020,nombre,
drive,Reporte-Mensual-de-Conflictos-Sociales-N°-171-Mayo-2018.pdf,171,5,2018,nombre,
drive,Reporte-Mensual-de-Conflictos-Sociales-N°-194-abril-2020.pdf,194,4,2020,nombre,
drive,Reporte-Mensual-de-Conflictos-Sociales-N°-196-junio-2020.pdf,196,6,2020,nombre,
drive,Reporte-Mensual-de-Conflictos-Sociales-N°-197-julio-2020.pdf,197,7,2020,nombre,
drive,Reporte-Mensual-de-Conflictos-Sociales-N°-199-septiembre-2020.pdf,199,9,2020,nombre,
drive,Reporte-Mensual-de-Conflictos-Sociales-n.°-243-Mayo-2024.pdf,243,5,2024,nombre,
drive,Reporte-Mensual-de-Conflictos-Sociales-n.°-212-octubre-2021.pdf,212,10,2021,nombre,
drive,Reporte-Mensual-de-Conflictos-Sociales-n.º-218-–-abril-2022.pdf,218,4,2022,nombre,
drive,Reporte-Mensual-de-Conflictos-Sociales-n.°-240-Febrero-2024.pdf,240,2,2024,nombre,
drive,Reporte-Mensual-de-Conflictos-Sociales-n.°-244-Junio_2024.pdf,244,6,2024,nombre,
drive,Reporte-Mensual-de-Conflictos-Sociales-n.°-226-diciembre-2022.pdf,226,12,2022,nombre,
drive,Reporte-Mensual-de-Conflictos-Sociales-n.°-221-julio-2022.pdf,221,7,2022,nombre,
drive,Reporte-Mensual-de-Conflictos-Sociales-n.°-214-–-diciembre-2021.pdf,214,12,2021,nombre,
drive,Reporte-de-Conflictos-Sociales-n.°-245-julio-2024.pdf,245,7,2024,nombre,
drive,Reporte-M.-de-Conflictos-Sociales-N-112-Junio-2013.pdf,112,6,2013,nombre,
drive,Reporte-M.-de-Conflictos-Sociales-N-111-Mayo2013.pdf,111,5,2013,nombre,
drive,Reporte-M.-de-Conflictos-Sociales-N-110-Abr-2013.pdf,110,4,2013,nombre,
drive,Reporte-M.-de-Conflictos-Sociales-N-109-Mar-2013.pdf,109,3,2013,nombre,
drive,Reporte-M.-de-Conflictos-Sociales-N-108-Feb-2013.pdf,108,2,2013,nombre,
drive,Reporte-M.-de-Conflictos-Sociales-N-107-Ene-2013.pdf,107,1,2013,nombre,
drive,Reporte-M.-de-Conflictos-Sociales-N-106-Diciembre-2012.pdf,106,12,2012,nombre,
drive,Reporte-M.-de-Conflictos-Sociales-N-105-Noviembre-2012.pdf,105,11,2012,nombre,
drive,Reporte-M.-de-Conflictos-Sociales-N-99-May-2012.pdf,99,5,2012,nombre,
drive,reporte-diciembre.pdf,,,,nombre,
drive,Reporte-de-Mensual-Conflictos-Sociales-N-100-Junio-2012.pdf,100,6,2012,nombre,
drive,Reporte-de-Conflictos-Sociales-N-97-Marzo-2012.pdf,97,3,2012,nombre,
drive,Reporte-de-Conflictos-Sociales-N-96-Febrero-2012.pdf,96,2,2012,nombre,
drive,Reporte-de-conflictos-N-94.pdf,94,,,nombre,
drive,ReporteDeConflictos_abril24.pdf,,4,2024,nombre,
drive,reporte-conflictos-57.pdf,57,,,nombre,
drive,reporte-conflictos-56.pdf,56,,,nombre,
drive,reporte-conflictos-55.pdf,55,,,nombre,
drive,ReporteConflictos_marzo2024.pdf,,3,2024,nombre,
drive,reporte-83.pdf,,,,nombre,
drive,reporte-82.pdf,,,,nombre,
drive,reporte-81.pdf,,,,nombre,
drive,reporte-80.pdf,,,,nombre,
drive,reporte-75-2010.pdf,,,,nombre,
drive,Reporte-74.pdf,,,,nombre,
drive,Reporte-73.pdf,,,,nombre,
drive,reporte-71.pdf,,,,nombre,
drive,reporte-69.pdf,,,,nombre,
drive,reporte-66.pdf,,,,nombre,
drive,reporte-65.pdf,,,,nombre,
drive,reporte-64.pdf,,,,nombre,
drive,Reporte-63.pdf,,,,nombre,
drive,Reporte-46-diciembre-2007.pdf,,12,2007,nombre,
drive,reporte_conflictos_59_enero2009.pdf,,1,2009,nombre,
drive,Conflictos-Sociales-N°-191-Enero-2020.pdf,191,1,2020,nombre,
drive,Conflictos-Sociales-N°-188-Octubre-2019.pdf,188,10,2019,nombre,
drive,Conflictos-Sociales-N°-176-Octubre-2018.pdf,176,10,2018,nombre,
drive,Conflictos-Sociales-N°-179-Enero-2019.pdf,179,1,2019,nombre,
drive,Conflictos-Sociales-N°-181-Marzo-2019.pdf,181,3,2019,nombre,
drive,Conflictos-Sociales-N°-184-Junio-2019.pdf,184,6,2019,nombre,
drive,Conflictos-Sociales-N°-178-Diciembre-2018.pdf,178,12,2018,nombre,
drive,Conflictos-Sociales-N°-182-Abril-2019.pdf,182,4,2019,nombre,
drive,Conflictos-Sociales-N°-180-Febrero-2018.pdf,180,2,2018,nombre,
drive,Conflictos-Sociales-N°-183-Mayo-2019.pdf,183,5,2019,nombre,
drive,Conflictos-Sociales-N°-174-Agosto-2018.pdf,174,8,2018,nombre,
drive,Conflictos-Sociales-N°-60-Febrero-2009.pdf,60,2,2009,nombre,
drive,Conflictos-Reporte72.pdf,,,,nombre,
drive,Conflictos-Reporte-68.pdf,,,,nombre,
drive,Conflictos-Reporte-53.pdf,,,,nombre,
drive,conflictos-67.pdf,67,,,nombre,
drive,conflictos-62.pdf,62,,,nombre,
drive,conflictos_sociales54.pdf,54,,,nombre,
drive,conflictos_sociales52.pdf,52,,,nombre,
drive,conflictos_sociales49.pdf,49,,,nombre,
drive,conflictos_sociales48.pdf,48,,,nombre,
drive,conflictos_sociales47.pdf,47,,,nombre,
drive,conflictos_sociales45-CS.pdf,45,,,nombre,
drive,conflictos_sociales44-CS.pdf,44,,,nombre,
drive,conflictos_sociales43.pdf,43,,,nombre,
drive,conflictos_sociales42.pdf,42,,,nombre,
drive,conflictos_sociales41.pdf,41,,,nombre,
drive,conflictos_sociales40.pdf,40,,,nombre,
drive,conflictos_sociales39.pdf,39,,,nombre,
drive,conflictos_reporte_61.pdf,,,,nombre,
drive,conflictos_reporte_58.pdf,,,,nombre,
drive,reporte-menusal-92.pdf,,,,nombre,
drive,Reporte-89.pdf,,,,nombre,
drive,setiembre 2004 - Reporte 07 - Conflictos sociales.pdf,7,9,2004,nombre,
drive,Reporte-conflictos-93.pdf,93,,,nombre,
drive,Reporte-Mensual-de-Conflictos-Sociales-N-34---Diciembre-2006.pdf,34,12,2006,nombre,
drive,setiembre 2005 - conflictos_sociales19.pdf,19,9,2005,nombre,
drive,Reporte-87-mayo-2011.pdf,,5,2011,nombre,
drive,Reporte-88.pdf,,,,nombre,
drive,reporte-84.pdf,,,,nombre,
drive,reporte-76-2010.pdf,,,,nombre,
drive,reporte-078.pdf,,,,nombre,
drive,reporte-77.pdf,,,,nombre,
drive,reporte_91_1.pdf,,,,nombre,
drive,Reporte_conflictos_90.pdf,90,,,nombre,
drive,reporte_85.pdf,,,,nombre,
drive,reporte_86.pdf,,,,nombre,
drive,octubre 2004 - Reporte 08 - Conflictos sociales.pdf,8,10,2004,nombre,
drive,mayo 2005 - conflictos_sociales15.pdf,15,5,2005,nombre,
drive,octubre 2005 - conflictos_sociales20.pdf,20,10,2005,nombre,
drive,mitad julio 2005 - conflictos_sociales16.pdf,16,7,2005,nombre,
drive,noviembre 2004 - Reporte 09 - Conflictos sociales.pdf,9,11,2004,nombre,
drive,noviembre 2005 - conflictos_sociales21.pdf,21,11,2005,nombre,
drive,mitad junio 2004 - Reporte 03 - Conflictos sociales.pdf,3,6,2004,nombre,
drive,julio 2004 - Reporte 05 - Conflictos sociales.pdf,5,7,2004,nombre,
drive,mayo 2004 - Reporte 02 - Conflictos sociales.pdf,2,5,2004,nombre,
drive,final junio 2004 - Reporte 04 - Conflictos sociales.pdf,4,6,2004,nombre,
drive,marzo 2005 - conflictos_sociales13.pdf,13,3,2005,nombre,
drive,final julio 2005 - conflictos_sociales17.pdf,17,7,2005,nombre,
drive,Conflictos-Sociales-N°-79-Septiembre-2010.pdf,79,9,2010,nombre,
drive,enero 2005 - conflictos_sociales11.pdf,11,1,2005,nombre,
drive,Conflictos-Sociales-51.pdf,51,,,nombre,
drive,diciembre 2005 - conflictos_sociales22.pdf,22,12,2005,nombre,
drive,febrero 2005 - conflictos_sociales12.pdf,12,2,2005,nombre,
drive,conflictos_sociales35.pdf,35,,,nombre,
drive,diciembre 2004 - Reporte 10 - Conflictos sociales.pdf,10,12,2004,nombre,
drive,conflictos_sociales38.pdf,38,,,nombre,
drive,conflictos_sociales37.pdf,37,,,nombre,
drive,conflictos_sociales36.pdf,36,,,nombre,
drive,conflictos_sociales50.pdf,50,,,nombre,
drive,conflictos_sociales31.pdf,31,,,nombre,
drive,conflictos_sociales30.pdf,30,,,nombre,
drive,conflictos_sociales32.pdf,32,,,nombre,
drive,conflictos_sociales33.pdf,33,,,nombre,
drive,conflictos_sociales29.pdf,29,,,nombre,
drive,conflictos_sociales24.pdf,24,,,nombre,
drive,conflictos_sociales26.pdf,26,,,nombre,
drive,agosto 2004 - Reporte 06 - Conflictos sociales.pdf,6,8,2004,nombre,
drive,conflictos_sociales27.pdf,27,,,nombre,
drive,conflictos_sociales23.pdf,23,,,nombre,
drive,conflictos_sociales25.pdf,25,,,nombre,
drive,agosto 2005 - conflictos_sociales18.pdf,18,8,2005,nombre,
drive,abril 2005 - conflictos_sociales14.pdf,14,4,2005,nombre,
drive,conflictos_sociales28.pdf,28,,,nombre,
drive,abril 2004 - Reporte 01 - Conflictos sociales.pdf,1,4,2004,nombre,
drive,Reporte-Mensual-de-Conflictos-Sociales-N-251-Enero-2025.pdf,251,1,2025,nombre,
drive,Reporte-Mensual-de-Conflictos-Sociales-N°-248-Octubre_2024.pdf,248,10,2024,nombre,
drive,Reporte-Conflictos-Sociales-249-Noviembre-2024.pdf,249,11,2024,nombre,
drive,Reporte-Conflictos-Sociales-250-Diciembre-2024.pdf,250,12,2024,nombre,
drive,Reporte-Mensual-de-Conflictos-Sociales-N°-169-Marzo-2018.pdf,169,3,2018,nombre,
drive,Conflictos Sociales N° 247 - setiembre 2024.pdf,247,9,2024,nombre,
drive,Reporte-Mensual-de-Conflictos-Sociales-N-156-Febrero-2017.pdf,156,2,2017,nombre,
drive,Reporte-Mensual-de-Conflictos-Sociales-N-122.pdf,122,,,nombre,
drive,Reporte-Mensual-Conflictos-Sociales-125-Julio-2014.pdf,125,7,2014,nombre,
drive,Reporte-Mensual-de-Conflictos-Sociales-N-136-Junio-2015.pdf,136,6,2015,nombre,
drive,Reporte-Mensual-de-Conflictos-Sociales-N-152---Octubre-2016.pdf,152,10,2016,nombre,
drive,Reporte-Mensual-de-Conflictos-Sociales-N°-170---Abril-2018.pdf,170,4,2018,nombre,
drive,Reporte-Mensual-de-Conflictos-Sociales-N-172---Junio-2018.pdf,172,6,2018,nombre,
drive,Reporte Mensual de Conflictos Sociales N° 173 - Julio 2018.pdf,173,7,2018,nombre,
drive,Conflictos-Sociales-N°-175-Septiembre-2018.pdf.pdf,175,9,2018,nombre,
drive,Conflictos Sociales N° 177 - Noviembre 2018.pdf,177,11,2018,nombre,
drive,Conflictos Sociales N° 185 - Julio 2019.pdf,185,7,2019,nombre,
drive,Conflictos Sociales N° 186 - Agosto 2019.pdf,186,8,2019,nombre,
drive,Conflictos Sociales N° 187 - Septiembre 2019.pdf,187,9,2019,nombre,
drive,Conflictos Sociales N° 189 - Noviembre 2019.pdf,189,11,2019,nombre,
drive,Conflictos Sociales N° 190 - diciembre 2019.pdf,190,12,2019,nombre,
drive,Reporte Mensual de Conflictos Sociales N° 192 - febrero 2020.pdf,192,2,2020,nombre,
drive,Reporte Mensual de Conflictos Sociales N° 193 - marzo 2020.pdf,193,3,2020,nombre,
drive,Reporte Mensual de Conflictos Sociales N° 198 - agosto 2020.pdf,198,8,2020,nombre,
