archivo,numero,mes,anio,formato,paginas,ancho,alto,chars_p1,imgs_p1,dibujos_p1,fuente_p1,escaneado
3.-Reporte-Mensual-de-Conflictos-Sociales-N_-253-Mar_2025.pdf,253,3,2025,infografia_ciclo_2024,114,595,842,1375,5,12,FranklinGothic-Book,0
abril 2004 - Reporte 01 - Conflictos sociales.pdf,1,4,2004,lista_narrativa_2004,11,595,842,904,1,4,Arial,0
abril 2005 - conflictos_sociales14.pdf,14,4,2005,reporte_n_tabla_regiones,37,595,842,2128,0,84,ArialNarrow,0
agosto 2004 - Reporte 06 - Conflictos sociales.pdf,6,8,2004,reporte_n_tabla_regiones,33,595,842,3061,0,244,Arial Narrow,0
agosto 2005 - conflictos_sociales18.pdf,18,8,2005,reporte_n_tabla_regiones,39,595,842,2063,0,86,Arial,0
Conflictos Sociales No 247 - setiembre 2024.pdf,247,9,2024,infografia_ciclo_2024,150,595,842,1164,5,14,FranklinGothic-Book,0
conflictos-62.pdf,62,4,2009,unidad_sumilla,74,595,842,1767,0,26,FranklinGothic-Medium,0
conflictos-67.pdf,67,9,2009,adjuntia_portada_estadistica,88,595,842,1895,0,27,FranklinGothicMedium,0
Conflictos-Reporte-53.pdf,53,7,2008,unidad_sumilla,50,595,842,1756,0,22,Franklin Gothic Book,0
Conflictos-Reporte-68.pdf,68,10,2009,adjuntia_portada_estadistica,88,595,842,1897,0,27,FranklinGothicMedium,0
Conflictos-Reporte72.pdf,72,2,2010,adjuntia_portada_estadistica,61,595,842,584,10,15,ArialMT,0
Conflictos-Sociales-51.pdf,51,5,2008,unidad_sumilla,41,595,842,1710,0,22,FranklinGothic-Book,0
Conflictos-Sociales-N_-174-Agosto-2018.pdf,174,8,2018,adjuntia_portada_estadistica,108,595,842,939,5,14,Franklin Gothic Book,0
Conflictos-Sociales-N_-175-Septiembre-2018.pdf,175,9,2018,adjuntia_portada_estadistica,123,595,842,1116,5,14,FranklinGothic-Book,0
Conflictos-Sociales-N_-176-Octubre-2018.pdf,176,10,2018,adjuntia_portada_estadistica,106,595,842,970,6,14,Franklin Gothic Book,0
Conflictos-Sociales-N_-178-Diciembre-2018.pdf,178,12,2018,adjuntia_portada_estadistica,110,595,842,959,6,14,Franklin Gothic Book,0
Conflictos-Sociales-N_-179-Enero-2019.pdf,179,1,2019,adjuntia_portada_estadistica,112,595,842,971,5,14,FranklinGothic-Book,0
Conflictos-Sociales-N_-180-Febrero-2018.pdf,180,2,2019,adjuntia_portada_estadistica,109,595,842,945,5,14,FranklinGothic-Book,0
Conflictos-Sociales-N_-181-Marzo-2019.pdf,181,3,2019,adjuntia_portada_estadistica,117,595,842,968,5,14,FranklinGothic-Book,0
Conflictos-Sociales-N_-182-Abril-2019.pdf,182,4,2019,adjuntia_portada_estadistica,115,595,842,950,5,14,FranklinGothic-Book,0
Conflictos-Sociales-N_-183-Mayo-2019.pdf,183,5,2019,adjuntia_portada_estadistica,113,595,842,960,6,14,Franklin Gothic Book,0
Conflictos-Sociales-N_-184-Junio-2019.pdf,184,6,2019,adjuntia_portada_estadistica,108,595,842,960,6,14,Franklin Gothic Book,0
Conflictos-Sociales-N_-188-Octubre-2019.pdf,188,10,2019,adjuntia_portada_estadistica,110,595,842,976,6,14,Franklin Gothic Book,0
Conflictos-Sociales-N_-191-Enero-2020.pdf,191,1,2020,adjuntia_portada_estadistica,124,595,842,915,5,14,Franklin Gothic Book,0
Conflictos-Sociales-N_-60-Febrero-2009.pdf,60,2,2009,unidad_sumilla,69,595,842,1641,0,24,FranklinGothic-Book,0
Conflictos-Sociales-N_-79-Septiembre-2010.pdf,79,9,2010,adjuntia_portada_estadistica,63,595,842,669,10,15,ArialMT,0
conflictos_reporte_58.pdf,58,12,2008,unidad_sumilla,64,595,842,1825,0,26,FranklinGothic-Medium,0
conflictos_reporte_61.pdf,61,3,2009,unidad_sumilla,74,595,842,1763,0,26,FranklinGothic-Book,0
conflictos_sociales23.pdf,23,1,2006,reporte_n_tabla_regiones,42,595,842,1666,0,103,Arial,0
conflictos_sociales24.pdf,24,2,2006,reporte_n_tabla_regiones,43,595,842,1643,0,103,Arial,0
conflictos_sociales25.pdf,25,3,2006,reporte_n_tabla_regiones,47,595,842,1539,0,108,Arial,0
conflictos_sociales26.pdf,26,4,2006,reporte_n_tabla_regiones,47,595,842,1559,0,107,Arial,0
conflictos_sociales27.pdf,27,5,2006,reporte_n_tabla_regiones,45,595,842,1530,0,114,Arial,0
conflictos_sociales28.pdf,28,6,2006,reporte_n_tabla_regiones,49,595,842,1567,0,118,ArialMT,0
conflictos_sociales29.pdf,29,7,2006,reporte_n_tabla_regiones,52,595,842,1629,0,103,Arial,0
conflictos_sociales30.pdf,30,8,2006,reporte_n_tabla_regiones,61,595,842,1700,0,108,Arial,0
conflictos_sociales31.pdf,31,9,2006,reporte_n_tabla_regiones,67,595,842,1852,0,106,ArialMT,0
conflictos_sociales32.pdf,32,10,2006,reporte_n_tabla_regiones,71,595,842,1846,0,103,Arial,0
conflictos_sociales33.pdf,33,11,2006,reporte_n_tabla_regiones,80,595,842,1810,0,69,Arial,0
conflictos_sociales35.pdf,35,1,2007,unidad_reporte_n,91,595,842,2761,1,40,Arial,0
conflictos_sociales35_especial.pdf,142,1,2007,especial_no_mensual,9,595,842,1821,1,223,Arial,0
conflictos_sociales36.pdf,36,2,2007,unidad_reporte_n,81,595,842,2576,1,53,CGOmega,0
conflictos_sociales37.pdf,37,3,2007,unidad_reporte_n,79,595,842,2579,1,50,CGOmega,0
conflictos_sociales38.pdf,38,4,2007,unidad_reporte_n,92,595,842,2508,1,46,CGOmega,0
conflictos_sociales39.pdf,39,5,2007,unidad_reporte_n,104,595,842,1721,1,215,CGOmega,0
conflictos_sociales40.pdf,40,6,2007,unidad_reporte_n,121,595,842,1785,1,203,CGOmega,0
conflictos_sociales41.pdf,41,7,2007,unidad_reporte_n,149,595,842,1769,1,218,CGOmega,0
conflictos_sociales42.pdf,42,8,2007,unidad_reporte_n,135,595,842,1683,1,191,CenturyGothic,0
conflictos_sociales43.pdf,43,9,2007,unidad_reporte_n,151,595,842,1740,1,166,CenturyGothic,0
conflictos_sociales44-CS.pdf,44,10,2007,unidad_reporte_n,168,595,842,1754,1,191,CenturyGothic,0
conflictos_sociales45-CS.pdf,45,11,2007,unidad_reporte_n,171,595,842,1766,1,191,CenturyGothic,0
conflictos_sociales47.pdf,47,1,2008,unidad_reporte_n,170,595,842,1830,1,220,ArialMT,0
conflictos_sociales48.pdf,48,2,2008,unidad_reporte_n,182,595,842,1833,1,220,ArialMT,0
conflictos_sociales49.pdf,49,3,2008,unidad_reporte_n,196,595,842,1866,1,242,ArialMT,0
conflictos_sociales50.pdf,50,4,2008,unidad_sumilla,36,595,842,1810,0,18,FranklinGothic-Book,0
conflictos_sociales52.pdf,52,6,2008,unidad_sumilla,49,595,842,1617,0,22,Franklin Gothic Book,0
conflictos_sociales54.pdf,54,8,2008,unidad_sumilla,54,595,842,1713,0,22,Franklin Gothic Book,0
Conflictos_Sociales_N_177_-_Noviembre_2018.pdf,177,11,2018,adjuntia_portada_estadistica,107,595,842,969,6,14,Franklin Gothic Book,0
Conflictos_Sociales_N_185_-_Julio_2019.pdf,185,7,2019,adjuntia_portada_estadistica,120,595,842,959,6,14,Franklin Gothic Book,0
Conflictos_Sociales_N_186_-_Agosto_2019.pdf,186,8,2019,adjuntia_portada_estadistica,115,595,842,960,6,14,Franklin Gothic Book,0
Conflictos_Sociales_N_187_-_Septiembre_2019.pdf,187,9,2019,adjuntia_portada_estadistica,114,595,842,965,6,14,Franklin Gothic Book,0
Conflictos_Sociales_N_189_-_Noviembre_2019.pdf,189,11,2019,adjuntia_portada_estadistica,115,595,842,977,6,14,Franklin Gothic Book,0
Conflictos_Sociales_N_190_-_diciembre_2019.pdf,190,12,2019,adjuntia_portada_estadistica,107,595,842,974,5,14,Franklin Gothic Book,0
diciembre 2004 - Reporte 10 - Conflictos sociales.pdf,10,12,2004,reporte_n_tabla_regiones,39,595,842,2149,0,223,Arial Narrow,0
diciembre 2005 - conflictos_sociales22.pdf,22,12,2005,reporte_n_tabla_regiones,43,595,842,1624,0,58,Arial,0
enero 2005 - conflictos_sociales11.pdf,11,1,2005,reporte_n_tabla_regiones,32,595,842,2064,0,99,ArialNarrow,0
febrero 2005 - conflictos_sociales12.pdf,12,2,2005,reporte_n_tabla_regiones,34,595,842,2166,0,84,ArialNarrow,0
final julio 2005 - conflictos_sociales17.pdf,17,7,2005,reporte_n_tabla_regiones,37,595,842,2340,0,104,Arial,0
final junio 2004 - Reporte 04 - Conflictos sociales.pdf,4,6,2004,reporte_n_tabla_regiones,25,595,842,2800,0,211,Arial Narrow,0
julio 2004 - Reporte 05 - Conflictos sociales.pdf,5,7,2004,reporte_n_tabla_regiones,28,595,842,2852,0,222,Arial Narrow,0
marzo 2005 - conflictos_sociales13.pdf,13,3,2005,reporte_n_tabla_regiones,33,595,842,2152,0,84,ArialNarrow,0
mayo 2004 - Reporte 02 - Conflictos sociales.pdf,2,5,2004,reporte_n_tabla_regiones,13,595,842,1683,0,81,Arial,0
mayo 2005 - conflictos_sociales15.pdf,15,5,2005,reporte_n_tabla_regiones,39,595,842,2182,0,89,ArialNarrow,0
mitad julio 2005 - conflictos_sociales16.pdf,16,7,2005,reporte_n_tabla_regiones,40,595,842,1967,0,81,Arial,0
mitad junio 2004 - Reporte 03 - Conflictos sociales.pdf,3,6,2004,reporte_n_tabla_regiones,20,595,842,2778,0,213,Arial Narrow,0
n241_ReporteConflictos_marzo2024.pdf,241,3,2024,infografia_ciclo_2024,154,595,842,1104,5,14,FranklinGothic-Book,0
noviembre 2004 - Reporte 09 - Conflictos sociales.pdf,9,11,2004,reporte_n_tabla_regiones,38,595,842,2256,0,233,Arial Narrow,0
noviembre 2005 - conflictos_sociales21.pdf,21,11,2005,reporte_n_tabla_regiones,61,595,842,1662,0,64,Arial,0
octubre 2004 - Reporte 08 - Conflictos sociales.pdf,8,10,2004,reporte_n_tabla_regiones,38,595,842,2705,0,255,Arial Narrow,0
octubre 2005 - conflictos_sociales20.pdf,20,10,2005,reporte_n_tabla_regiones,41,595,842,1735,0,79,Arial,0
RCS-N-252-Feb-2025.pdf,252,2,2025,infografia_ciclo_2024,108,595,842,1365,5,12,FranklinGothic-Book,0
reporte-078.pdf,78,8,2010,adjuntia_portada_estadistica,56,595,842,606,1,12,Arial,0
Reporte-46-diciembre-2007.pdf,46,12,2007,unidad_reporte_n,169,588,768,1823,3,437,CenturyGothic,0
Reporte-63.pdf,63,5,2009,adjuntia_portada_estadistica,79,595,842,1828,0,26,FranklinGothic-Medium,0
reporte-64.pdf,64,6,2009,adjuntia_portada_estadistica,79,595,842,1809,0,26,FranklinGothic-Medium,0
reporte-65.pdf,65,7,2009,adjuntia_portada_estadistica,77,595,842,1845,0,27,FranklinGothic-Medium,0
reporte-66.pdf,66,8,2009,adjuntia_portada_estadistica,83,595,842,1846,0,26,FranklinGothic-Book,0
reporte-69.pdf,69,11,2009,adjuntia_portada_estadistica,81,595,842,1863,0,26,FranklinGothicMedium,0
reporte-71.pdf,71,1,2010,adjuntia_portada_estadistica,73,595,842,1938,0,27,FranklinGothic-Medium,0
Reporte-73.pdf,73,3,2010,adjuntia_portada_estadistica,64,595,842,579,12,15,Arial,0
Reporte-74.pdf,74,4,2010,adjuntia_portada_estadistica,70,595,842,562,1,12,Arial,0
reporte-75-2010.pdf,75,5,2010,adjuntia_portada_estadistica,64,595,842,582,10,15,ArialMT,0
reporte-76-2010.pdf,76,6,2010,adjuntia_portada_estadistica,63,595,842,605,1,12,Arial,0
reporte-77.pdf,77,7,2010,adjuntia_portada_estadistica,63,595,842,630,1,12,Arial,0
reporte-80.pdf,80,10,2010,adjuntia_portada_estadistica,62,595,842,607,12,15,Arial,0
reporte-81.pdf,81,11,2010,adjuntia_portada_estadistica,65,595,842,609,531,26,ArialMT,0
reporte-82.pdf,82,12,2010,adjuntia_portada_estadistica,68,595,842,609,12,15,Arial,0
reporte-83.pdf,83,1,2011,adjuntia_portada_estadistica,67,595,842,624,12,15,Arial,0
reporte-84.pdf,84,2,2011,adjuntia_portada_estadistica,62,595,842,603,2,12,Arial,0
Reporte-87-mayo-2011.pdf,87,5,2011,adjuntia_portada_estadistica,63,595,842,624,2,12,Arial,0
Reporte-88.pdf,88,6,2011,adjuntia_portada_estadistica,60,595,842,602,2,12,Arial,0
Reporte-89.pdf,89,7,2011,adjuntia_portada_estadistica,57,595,842,605,10,15,ArialMT,0
reporte-conflictos-55.pdf,55,9,2008,unidad_sumilla,54,595,842,1742,0,22,Franklin Gothic Book,0
reporte-conflictos-56.pdf,56,10,2008,unidad_sumilla,71,595,842,1785,0,22,FranklinGothic-Book,0
reporte-conflictos-57.pdf,57,11,2008,unidad_sumilla,65,595,842,1718,0,26,FranklinGothic-Book,0
Reporte-conflictos-93.pdf,93,11,2011,adjuntia_portada_estadistica,68,595,842,869,0,13,"Arial,Bold",0
Reporte-Conflictos-Sociales-249-Noviembre-2024.pdf,249,11,2024,infografia_ciclo_2024,111,595,842,1366,5,12,FranklinGothic-Book,0
Reporte-Conflictos-Sociales-250-Diciembre-2024.pdf,250,12,2024,infografia_ciclo_2024,93,595,842,1367,5,12,FranklinGothic-Book,0
Reporte-Conflictos-Sociales-N-261-Noviembre-2025.pdf,261,11,2025,infografia_ciclo_2024,132,595,842,1297,5,10,FranklinGothic-Book,0
Reporte-Conflictos-Sociales-N-263-Enero-2026.pdf,263,1,2026,infografia_ciclo_2024,109,595,842,1262,5,10,FranklinGothic-Book,0
Reporte-de-conflictos-N-94.pdf,94,12,2011,adjuntia_portada_estadistica,63,595,842,884,2,13,"Arial,Bold",0
Reporte-de-Conflictos-Sociales-n-264-febrero-26.pdf,264,2,2026,infografia_ciclo_2024,104,595,842,1265,5,11,Franklin Gothic Book,0
Reporte-de-Conflictos-Sociales-n-265-VF.pdf,265,3,2026,infografia_ciclo_2024,99,595,842,1239,5,11,Franklin Gothic Book,0
Reporte-de-Conflictos-Sociales-n-266-VF.pdf,266,4,2026,infografia_ciclo_2024,102,595,842,1258,5,11,Franklin Gothic Book,0
Reporte-de-Conflictos-Sociales-n-267-VF.pdf,267,5,2026,infografia_ciclo_2024,102,595,842,1257,5,11,FranklinGothic-Book,0
Reporte-de-Conflictos-Sociales-n-268.pdf,268,6,2026,infografia_ciclo_2024,122,595,842,1268,5,11,FranklinGothic-Book,0
Reporte-de-Conflictos-Sociales-n-269.pdf,269,7,2026,infografia_ciclo_2024,117,595,842,1262,5,11,FranklinGothic-Book,0
Reporte-de-Conflictos-Sociales-N-96-Febrero-2012.pdf,96,2,2012,adjuntia_portada_estadistica,94,595,842,886,0,13,"Arial,Bold",0
Reporte-de-Conflictos-Sociales-N-97-Marzo-2012.pdf,97,3,2012,adjuntia_portada_estadistica,97,595,842,843,0,13,"Arial,Bold",0
Reporte-de-Conflictos-Sociales-n._-245-julio-2024.pdf,245,7,2024,infografia_ciclo_2024,156,595,842,1151,5,14,FranklinGothic-Book,0
Reporte-de-conflictos-sociales-n.o-255-_-mayo-2025.pdf,255,5,2025,infografia_ciclo_2024,108,595,842,1367,5,12,FranklinGothic-Book,0
Reporte-de-conflictos-sociales-n.o-256-_-junio-2025.pdf,256,6,2025,infografia_ciclo_2024,121,595,842,1355,5,12,FranklinGothic-Book,0
Reporte-de-conflictos-sociales-n.o-257-_-julio-2025.pdf,257,7,2025,infografia_ciclo_2024,126,595,842,1345,5,12,FranklinGothic-Book,0
Reporte-de-conflictos-sociales-n.o-258-_-agosto-2025.pdf,258,8,2025,infografia_ciclo_2024,113,595,842,1380,5,12,FranklinGothic-Book,0
Reporte-de-conflictos-sociales-n.o-262-_-diciembre-2025.pdf,262,12,2025,infografia_ciclo_2024,120,595,842,1285,5,10,FranklinGothic-Book,0
Reporte-de-Conflictos-Sociales-N_-259.pdf,259,9,2025,infografia_ciclo_2024,120,595,842,1293,5,10,FranklinGothic-Book,0
Reporte-de-Mensual-Conflictos-Sociales-N-100-Junio-2012.pdf,100,6,2012,adjuntia_portada_estadistica,95,595,842,868,0,13,"Arial,Bold",0
reporte-diciembre.pdf,70,12,2009,adjuntia_portada_estadistica,77,595,842,1846,0,26,FranklinGothic-Medium,0
Reporte-M.-de-Conflictos-Sociales-N-105-Noviembre-2012.pdf,105,11,2012,adjuntia_portada_estadistica,110,595,842,923,0,13,"Arial,Bold",0
Reporte-M.-de-Conflictos-Sociales-N-106-Diciembre-2012.pdf,106,12,2012,adjuntia_portada_estadistica,94,595,842,902,0,13,"Arial,Bold",0
Reporte-M.-de-Conflictos-Sociales-N-107-Ene-2013.pdf,107,1,2013,adjuntia_portada_estadistica,94,595,842,878,0,13,"Arial,Bold",0
Reporte-M.-de-Conflictos-Sociales-N-108-Feb-2013.pdf,108,2,2013,adjuntia_portada_estadistica,94,595,842,846,0,13,"Arial,Bold",0
Reporte-M.-de-Conflictos-Sociales-N-109-Mar-2013.pdf,109,3,2013,adjuntia_portada_estadistica,112,595,842,859,0,13,"Arial,Bold",0
Reporte-M.-de-Conflictos-Sociales-N-110-Abr-2013.pdf,110,4,2013,adjuntia_portada_estadistica,127,595,842,846,0,13,"Arial,Bold",0
Reporte-M.-de-Conflictos-Sociales-N-111-Mayo2013.pdf,111,5,2013,adjuntia_portada_estadistica,116,595,842,893,0,13,"Arial,Bold",0
Reporte-M.-de-Conflictos-Sociales-N-112-Junio-2013.pdf,112,6,2013,adjuntia_portada_estadistica,117,595,842,880,0,13,"Arial,Bold",0
Reporte-M.-de-Conflictos-Sociales-N-99-May-2012.pdf,99,5,2012,adjuntia_portada_estadistica,100,595,842,866,0,13,"Arial,Bold",0
Reporte-Mensual-Conflictos-Sociales-125-Julio-2014.pdf,125,7,2014,adjuntia_portada_estadistica,110,595,842,876,3,13,"Arial,Bold",0
Reporte-Mensual-de-Conflictos-Sociales-N-101-Julio-12.pdf,101,7,2012,adjuntia_portada_estadistica,96,595,842,866,0,13,"Arial,Bold",0
Reporte-Mensual-de-Conflictos-Sociales-N-102-Ago-12.pdf,102,8,2012,adjuntia_portada_estadistica,93,595,842,858,0,13,"Arial,Bold",0
Reporte-Mensual-de-Conflictos-Sociales-N-103-Sept-2012.pdf,103,9,2012,adjuntia_portada_estadistica,101,595,842,913,0,13,"Arial,Bold",0
Reporte-Mensual-de-Conflictos-Sociales-N-104-Octu-2012.pdf,104,10,2012,adjuntia_portada_estadistica,97,595,842,900,0,13,"Arial,Bold",0
Reporte-Mensual-de-Conflictos-Sociales-N-113-Julio-2013.pdf,113,7,2013,adjuntia_portada_estadistica,121,595,842,895,0,13,"Arial,Bold",0
Reporte-Mensual-de-Conflictos-Sociales-N-114-Agosto-2013.pdf,114,8,2013,adjuntia_portada_estadistica,113,595,842,867,0,13,"Arial,Bold",0
Reporte-Mensual-de-Conflictos-Sociales-N-115-Septiembre-2013.pdf,115,9,2013,adjuntia_portada_estadistica,112,595,842,875,0,13,"Arial,Bold",0
Reporte-Mensual-de-Conflictos-Sociales-N-116-Octubre-2013.pdf,116,10,2013,adjuntia_portada_estadistica,111,595,842,854,0,13,"Arial,Bold",0
Reporte-Mensual-de-Conflictos-Sociales-N-117-noviembre-2013.pdf,117,11,2013,adjuntia_portada_estadistica,110,595,842,873,0,13,"Arial,Bold",0
Reporte-Mensual-de-Conflictos-Sociales-N-118-diciembre-2013.pdf,118,12,2013,adjuntia_portada_estadistica,103,595,842,862,0,13,"Arial,Bold",0
Reporte-Mensual-de-Conflictos-Sociales-N-119-enero-2014.pdf,119,1,2014,adjuntia_portada_estadistica,110,595,842,849,0,13,"Arial,Bold",0
Reporte-Mensual-de-Conflictos-Sociales-N-120-Febrero-2014.pdf,120,2,2014,adjuntia_portada_estadistica,113,595,842,848,0,13,"Arial,Bold",0
Reporte-Mensual-de-Conflictos-Sociales-N-121-marzo-2014.pdf,121,3,2014,adjuntia_portada_estadistica,123,595,842,860,0,13,"Arial,Bold",0
Reporte-Mensual-de-Conflictos-Sociales-N-122.pdf,122,4,2014,adjuntia_portada_estadistica,119,595,842,877,0,13,"Arial,Bold",0
Reporte-Mensual-de-Conflictos-Sociales-N-123-2014.pdf,123,5,2014,adjuntia_portada_estadistica,113,595,842,903,0,13,"Arial,Bold",0
Reporte-Mensual-de-Conflictos-Sociales-N-124-2014.pdf,124,6,2014,adjuntia_portada_estadistica,122,595,842,874,0,13,"Arial,Bold",0
Reporte-Mensual-de-Conflictos-Sociales-N-126-Agosto-2014.pdf,126,8,2014,adjuntia_portada_estadistica,103,595,842,881,0,13,Franklin Gothic Book,0
Reporte-Mensual-de-Conflictos-Sociales-N-127-Septiembre-2014.pdf,127,9,2014,adjuntia_portada_estadistica,113,595,842,898,0,14,Franklin Gothic Book,0
Reporte-Mensual-de-Conflictos-Sociales-N-128-Octubre-2014.pdf,128,10,2014,adjuntia_portada_estadistica,116,595,842,930,0,14,Franklin Gothic Book,0
Reporte-Mensual-de-Conflictos-Sociales-N-129-Noviembre-2014.pdf,129,11,2014,adjuntia_portada_estadistica,111,595,842,930,0,14,Franklin Gothic Book,0
Reporte-Mensual-de-Conflictos-Sociales-N-130-Diciembre-2014.pdf,130,12,2014,adjuntia_portada_estadistica,111,595,842,931,0,14,Franklin Gothic Book,0
Reporte-Mensual-de-Conflictos-Sociales-N-131-Enero-2015.pdf,131,1,2015,adjuntia_portada_estadistica,120,595,842,927,0,14,Franklin Gothic Book,0
Reporte-Mensual-de-Conflictos-Sociales-N-132-Febrero-2015.pdf,132,2,2015,adjuntia_portada_estadistica,115,595,842,997,0,14,Franklin Gothic Book,0
Reporte-Mensual-de-Conflictos-Sociales-N-133-Marzo-2015.pdf,133,3,2015,adjuntia_portada_estadistica,119,595,842,999,5,13,Franklin Gothic Book,0
Reporte-Mensual-de-Conflictos-Sociales-N-134-Abril-2015.pdf,134,4,2015,adjuntia_portada_estadistica,120,595,842,994,5,13,Franklin Gothic Book,0
Reporte-Mensual-de-Conflictos-Sociales-N-135-Mayo-2015.pdf,135,5,2015,adjuntia_portada_estadistica,122,595,842,1004,5,14,Franklin Gothic Book,0
Reporte-Mensual-de-Conflictos-Sociales-N-136-Junio-2015.pdf,136,6,2015,adjuntia_portada_estadistica,124,595,842,936,5,14,Franklin Gothic Book,0
Reporte-Mensual-de-Conflictos-Sociales-N-137-Julio-2015.pdf,137,7,2015,adjuntia_portada_estadistica,122,595,842,939,5,14,Franklin Gothic Book,0
Reporte-Mensual-de-Conflictos-Sociales-N-138-Agosto-2015.pdf,138,8,2015,adjuntia_portada_estadistica,127,595,842,929,5,13,Franklin Gothic Book,0
Reporte-Mensual-de-Conflictos-Sociales-N-139-Septiembre-2015.pdf,139,9,2015,adjuntia_portada_estadistica,123,595,842,935,5,13,Franklin Gothic Book,0
Reporte-Mensual-de-Conflictos-Sociales-N-140-Octubre-2015.pdf,140,10,2015,adjuntia_portada_estadistica,125,595,842,922,5,13,Franklin Gothic Book,0
Reporte-Mensual-de-Conflictos-Sociales-N-141-Noviembre-2015.pdf,141,11,2015,adjuntia_portada_estadistica,133,595,842,935,5,13,Franklin Gothic Book,0
Reporte-Mensual-de-Conflictos-Sociales-N-142-Diciembre-2015.pdf,142,12,2015,adjuntia_portada_estadistica,121,595,842,925,5,13,Franklin Gothic Book,0
Reporte-Mensual-de-Conflictos-Sociales-N-143-Enero-2016.pdf,143,1,2016,adjuntia_portada_estadistica,124,595,842,921,5,13,Franklin Gothic Book,0
Reporte-Mensual-de-Conflictos-Sociales-N-144-Febrero-2016.pdf,144,2,2016,adjuntia_portada_estadistica,121,595,842,932,5,11,"Arial,Bold",0
Reporte-Mensual-de-Conflictos-Sociales-N-145-Marzo-2016.pdf,145,3,2016,adjuntia_portada_estadistica,129,595,842,827,5,13,Franklin Gothic Book,0
Reporte-Mensual-de-Conflictos-Sociales-N-146-Abril-2016.pdf,146,4,2016,adjuntia_portada_estadistica,126,595,842,853,5,14,Franklin Gothic Book,0
Reporte-Mensual-de-Conflictos-Sociales-N-147-Mayo-2016.pdf,147,5,2016,adjuntia_portada_estadistica,133,595,842,828,5,14,Franklin Gothic Book,0
Reporte-Mensual-de-Conflictos-Sociales-N-148-Junio-2016.pdf,148,6,2016,adjuntia_portada_estadistica,127,595,842,834,5,13,Franklin Gothic Book,0
Reporte-Mensual-de-Conflictos-Sociales-N-149-Julio-2016.pdf,149,7,2016,adjuntia_portada_estadistica,129,595,842,837,5,13,Franklin Gothic Book,0
Reporte-Mensual-de-Conflictos-Sociales-N-150-Agosto-2016.pdf,150,8,2016,adjuntia_portada_estadistica,124,595,842,826,5,13,Franklin Gothic Book,0
Reporte-Mensual-de-Conflictos-Sociales-N-151-Septiembre-2016.pdf,151,9,2016,adjuntia_portada_estadistica,126,595,842,827,5,13,Franklin Gothic Book,0
Reporte-Mensual-de-Conflictos-Sociales-N-152---Octubre-2016.pdf,152,10,2016,adjuntia_portada_estadistica,130,595,842,843,5,13,Franklin Gothic Book,0
Reporte-Mensual-de-Conflictos-Sociales-N-153-Noviembre-2016.pdf,153,11,2016,adjuntia_portada_estadistica,126,595,842,848,5,13,Franklin Gothic Book,0
Reporte-Mensual-de-Conflictos-Sociales-N-154-Diciembre-2016.pdf,154,12,2016,adjuntia_portada_estadistica,126,595,842,849,5,13,Franklin Gothic Book,0
Reporte-Mensual-de-Conflictos-Sociales-N-155-Enero-2017-1.pdf,155,1,2017,adjuntia_portada_estadistica,132,595,842,849,5,13,Franklin Gothic Book,0
Reporte-Mensual-de-Conflictos-Sociales-N-156-Febrero-2017.pdf,156,2,2017,adjuntia_portada_estadistica,129,595,842,837,5,13,Franklin Gothic Book,0
Reporte-Mensual-de-Conflictos-Sociales-N-157-Marzo-2017.pdf,157,3,2017,adjuntia_portada_estadistica,123,595,842,845,5,13,Franklin Gothic Book,0
Reporte-Mensual-de-Conflictos-Sociales-N-158-Abril-2017.pdf,158,4,2017,adjuntia_portada_estadistica,112,595,842,849,5,13,Franklin Gothic Book,0
Reporte-Mensual-de-Conflictos-Sociales-N-159-Mayo-2017.pdf,159,5,2017,adjuntia_portada_estadistica,112,595,842,874,5,13,Franklin Gothic Book,0
Reporte-Mensual-de-Conflictos-Sociales-N-160-Junio-2017.pdf,160,6,2017,adjuntia_portada_estadistica,110,595,842,865,5,13,Franklin Gothic Book,0
Reporte-Mensual-de-Conflictos-Sociales-N-161-Julio-2017.pdf,161,7,2017,adjuntia_portada_estadistica,108,595,842,874,5,13,Franklin Gothic Book,0
Reporte-Mensual-de-Conflictos-Sociales-N-162-Agosto-2017.pdf,162,8,2017,adjuntia_portada_estadistica,108,595,842,892,5,14,Franklin Gothic Book,0
Reporte-Mensual-de-Conflictos-Sociales-N-163-Septiembre-2017.pdf,163,9,2017,adjuntia_portada_estadistica,103,595,842,869,0,14,Franklin Gothic Book,0
Reporte-Mensual-de-Conflictos-Sociales-N-164-Octubre-2017.pdf,164,10,2017,adjuntia_portada_estadistica,105,595,842,881,0,14,Franklin Gothic Book,0
Reporte-Mensual-de-Conflictos-Sociales-N-165-Noviembre-2017.pdf,165,11,2017,adjuntia_portada_estadistica,108,595,842,869,0,14,Franklin Gothic Book,0
Reporte-Mensual-de-Conflictos-Sociales-N-166-Diciembre-2017.pdf,166,12,2017,adjuntia_portada_estadistica,93,595,842,944,0,14,Franklin Gothic Book,0
Reporte-Mensual-de-Conflictos-Sociales-N-167-Enero-2018.pdf,167,1,2018,adjuntia_portada_estadistica,101,595,842,940,0,14,FranklinGothic-Book,0
Reporte-Mensual-de-Conflictos-Sociales-N-168-Febrero-2018.pdf,168,2,2018,adjuntia_portada_estadistica,108,595,842,915,5,13,FranklinGothic-Book,0
Reporte-Mensual-de-Conflictos-Sociales-N-169-Marzo-2018.pdf,169,3,2018,adjuntia_portada_estadistica,104,595,842,944,5,13,FranklinGothic-Book,0
Reporte-Mensual-de-Conflictos-Sociales-N-172-Junio-2018.pdf,172,6,2018,adjuntia_portada_estadistica,118,595,842,886,5,13,FranklinGothic-Book,0
Reporte-Mensual-de-Conflictos-Sociales-N-229-Marzo-2023.pdf,229,3,2023,adjuntia_portada_estadistica,162,595,842,963,5,14,FranklinGothic-Book,0
Reporte-Mensual-de-Conflictos-Sociales-N-251-Enero-2025.pdf,251,1,2025,infografia_ciclo_2024,113,595,842,1362,5,12,FranklinGothic-Book,0
Reporte-Mensual-de-Conflictos-Sociales-N-34---Diciembre-2006.pdf,34,12,2006,reporte_n_tabla_regiones,67,595,842,1858,0,214,Arial,0
Reporte-Mensual-de-Conflictos-Sociales-N-95-Enero-2012.pdf,95,1,2012,adjuntia_portada_estadistica,74,595,842,885,0,13,"Arial,Bold",0
Reporte-Mensual-de-Conflictos-Sociales-N-98-Abril-2012.pdf,98,4,2012,adjuntia_portada_estadistica,111,595,842,843,0,13,"Arial,Bold",0
Reporte-Mensual-de-Conflictos-Sociales-n._-212-octubre-2021.pdf,212,10,2021,adjuntia_portada_estadistica,148,595,842,928,5,14,FranklinGothic-Book,0
Reporte-Mensual-de-Conflictos-Sociales-n._-214-_-diciembre-2021.pdf,214,12,2021,adjuntia_portada_estadistica,135,595,842,934,5,14,FranklinGothic-Book,0
Reporte-Mensual-de-Conflictos-Sociales-n._-221-julio-2022.pdf,221,7,2022,adjuntia_portada_estadistica,157,595,842,979,5,14,FranklinGothic-Book,0
Reporte-Mensual-de-Conflictos-Sociales-n._-226-diciembre-2022.pdf,226,12,2022,adjuntia_portada_estadistica,173,595,842,1007,6,14,Franklin Gothic Book,0
Reporte-Mensual-de-Conflictos-Sociales-n._-240-Febrero-2024.pdf,240,2,2024,infografia_ciclo_2024,143,595,842,1099,5,14,Corbel,0
Reporte-Mensual-de-Conflictos-Sociales-n._-243-Mayo-2024.pdf,243,5,2024,infografia_ciclo_2024,168,595,842,1151,5,14,FranklinGothic-Book,0
Reporte-Mensual-de-Conflictos-Sociales-n._-244-Junio_2024.pdf,244,6,2024,infografia_ciclo_2024,153,595,842,1136,5,14,FranklinGothic-Book,0
Reporte-Mensual-de-Conflictos-Sociales-n.o-218-_-abril-2022.pdf,218,4,2022,adjuntia_portada_estadistica,147,595,842,980,5,14,FranklinGothic-Book,0
Reporte-Mensual-de-Conflictos-Sociales-N230_Abril-2023.pdf,230,4,2023,adjuntia_portada_estadistica,147,595,842,954,5,14,Corbel,0
Reporte-Mensual-de-Conflictos-Sociales-N_-170---Abril-2018.pdf,170,4,2018,adjuntia_portada_estadistica,113,595,842,953,5,13,FranklinGothic-Book,0
Reporte-Mensual-de-Conflictos-Sociales-N_-171-Mayo-2018.pdf,171,5,2018,adjuntia_portada_estadistica,125,595,842,923,5,13,FranklinGothic-Book,0
Reporte-Mensual-de-Conflictos-Sociales-N_-194-abril-2020.pdf,194,4,2020,adjuntia_portada_estadistica,114,595,842,1299,5,15,Franklin Gothic Book,0
Reporte-Mensual-de-Conflictos-Sociales-N_-195-mayo-2020.pdf,195,5,2020,adjuntia_portada_estadistica,120,595,842,1321,5,15,Franklin Gothic Book,0
Reporte-Mensual-de-Conflictos-Sociales-N_-196-junio-2020.pdf,196,6,2020,adjuntia_portada_estadistica,130,595,842,1093,5,15,Franklin Gothic Book,0
Reporte-Mensual-de-Conflictos-Sociales-N_-197-julio-2020.pdf,197,7,2020,adjuntia_portada_estadistica,118,595,842,1102,5,15,Franklin Gothic Book,0
Reporte-Mensual-de-Conflictos-Sociales-N_-199-septiembre-2020.pdf,199,9,2020,adjuntia_portada_estadistica,115,595,842,1105,5,15,Franklin Gothic Book,0
Reporte-Mensual-de-Conflictos-Sociales-N_-200-octubre-2020.pdf,200,10,2020,adjuntia_portada_estadistica,124,595,842,1093,5,15,Franklin Gothic Book,0
Reporte-Mensual-de-Conflictos-Sociales-N_-201-noviembre-2020.pdf,201,11,2020,adjuntia_portada_estadistica,154,595,842,1105,5,15,Franklin Gothic Book,0
Reporte-Mensual-de-Conflictos-Sociales-N_-202-diciembre-2020.pdf,202,12,2020,adjuntia_portada_estadistica,124,595,842,935,5,14,Franklin Gothic Book,0
Reporte-Mensual-de-Conflictos-Sociales-N_-203-enero-2021.pdf,203,1,2021,adjuntia_portada_estadistica,119,595,842,941,5,14,Franklin Gothic Book,0
Reporte-Mensual-de-Conflictos-Sociales-N_-204-febrero-2021.pdf,204,2,2021,adjuntia_portada_estadistica,125,595,842,926,5,14,Franklin Gothic Book,0
Reporte-Mensual-de-Conflictos-Sociales-N_-205-marzo-2021.pdf,205,3,2021,adjuntia_portada_estadistica,123,595,842,934,5,14,Franklin Gothic Book,0
Reporte-Mensual-de-Conflictos-Sociales-N_-206-abril-2021.pdf,206,4,2021,adjuntia_portada_estadistica,122,595,842,966,6,14,Franklin Gothic Book,0
Reporte-Mensual-de-Conflictos-Sociales-N_-207-Mayo-2021.pdf,207,5,2021,adjuntia_portada_estadistica,140,595,842,963,6,14,Franklin Gothic Book,0
Reporte-Mensual-de-Conflictos-Sociales-N_-208-junio-2021.pdf,208,6,2021,adjuntia_portada_estadistica,124,595,842,951,6,14,Franklin Gothic Book,0
Reporte-Mensual-de-Conflictos-Sociales-N_-209-julio-2021.pdf,209,7,2021,adjuntia_portada_estadistica,121,595,842,965,5,14,FranklinGothic-Book,0
Reporte-Mensual-de-Conflictos-Sociales-N_-210-agosto-2021.pdf,210,8,2021,adjuntia_portada_estadistica,134,595,842,928,5,14,FranklinGothic-Book,0
Reporte-Mensual-de-Conflictos-Sociales-N_-211-setiembre-2021.pdf,211,9,2021,adjuntia_portada_estadistica,133,595,842,946,5,14,FranklinGothic-Book,0
Reporte-Mensual-de-Conflictos-Sociales-N_-213-noviembre-2021.pdf,213,11,2021,adjuntia_portada_estadistica,143,595,842,948,5,14,FranklinGothic-Book,0
Reporte-Mensual-de-Conflictos-Sociales-N_-215-Enero-2022-1.pdf,215,1,2022,adjuntia_portada_estadistica,150,595,842,967,5,14,FranklinGothic-Book,0
Reporte-Mensual-de-Conflictos-Sociales-N_-216-Febrero-2022-VF.pdf,216,2,2022,adjuntia_portada_estadistica,154,595,842,982,5,14,FranklinGothic-Book,0
Reporte-Mensual-de-Conflictos-Sociales-N_-217-Marzo-2022.pdf.pdf,217,3,2022,adjuntia_portada_estadistica,171,595,842,983,5,14,FranklinGothic-Book,0
Reporte-Mensual-de-Conflictos-Sociales-N_-219-Mayo-2022.pdf,219,5,2022,adjuntia_portada_estadistica,138,595,842,945,5,14,FranklinGothic-Book,0
Reporte-Mensual-de-Conflictos-Sociales-N_-220-Junio-2022.pdf,220,6,2022,adjuntia_portada_estadistica,151,595,842,969,5,14,FranklinGothic-Book,0
Reporte-Mensual-de-Conflictos-Sociales-N_-222-Agosto-2022.pdf,222,8,2022,adjuntia_portada_estadistica,151,595,842,1008,5,14,FranklinGothic-Book,0
Reporte-Mensual-de-Conflictos-Sociales-N_-223-Setiembre-2022.pdf,223,9,2022,adjuntia_portada_estadistica,149,595,842,1033,5,14,FranklinGothic-Book,0
Reporte-Mensual-de-Conflictos-Sociales-N_-224-Octubre-2022.pdf,224,10,2022,adjuntia_portada_estadistica,157,595,842,1024,5,14,FranklinGothic-Book,0
Reporte-Mensual-de-Conflictos-Sociales-N_-225-Noviembre-2022.pdf,225,11,2022,adjuntia_portada_estadistica,155,595,842,1049,6,14,Franklin Gothic Book,0
Reporte-Mensual-de-Conflictos-Sociales-N_-227-Enero-2023.pdf,227,1,2023,adjuntia_portada_estadistica,218,595,842,996,5,14,Arial-BoldMT,0
Reporte-Mensual-de-Conflictos-Sociales-N_-228-Febrero-2023.pdf,228,2,2023,adjuntia_portada_estadistica,168,595,842,988,5,14,Corbel,0
Reporte-Mensual-de-Conflictos-Sociales-N_-231-mayo-2023.pdf,231,5,2023,adjuntia_portada_estadistica,144,595,842,940,5,14,FranklinGothic-Book,0
Reporte-Mensual-de-Conflictos-Sociales-N_-232-Junio-2023.pdf,232,6,2023,adjuntia_portada_estadistica,148,595,842,939,5,14,Corbel,0
Reporte-Mensual-de-Conflictos-Sociales-N_-233-Julio-2023.pdf,233,7,2023,adjuntia_portada_estadistica,167,595,842,964,5,14,Arial-BoldMT,0
Reporte-Mensual-de-Conflictos-Sociales-N_-234-Agosto-2023.pdf,234,8,2023,adjuntia_portada_estadistica,145,595,842,994,5,14,Arial-BoldMT,0
Reporte-Mensual-de-Conflictos-Sociales-N_-235-Setiembre-2023.pdf,235,9,2023,adjuntia_portada_estadistica,164,595,842,992,5,14,FranklinGothic-Book,0
Reporte-Mensual-de-Conflictos-Sociales-N_-236-Octubre-2023.pdf,236,10,2023,adjuntia_portada_estadistica,188,595,842,986,5,14,Corbel,0
Reporte-Mensual-de-Conflictos-Sociales-N_-237-Noviembre-2023.pdf,237,11,2023,adjuntia_portada_estadistica,172,595,842,1001,5,14,Corbel,0
Reporte-Mensual-de-Conflictos-Sociales-N_-238-Diciembre-2023.pdf,238,12,2023,adjuntia_portada_estadistica,146,595,842,1006,5,14,Corbel,0
Reporte-Mensual-de-Conflictos-Sociales-N_-239-Enero-2024.pdf,239,1,2024,infografia_ciclo_2024,148,595,842,1164,5,14,Corbel,0
Reporte-Mensual-de-Conflictos-Sociales-N_-246-Agosto_2024-1.pdf,246,8,2024,infografia_ciclo_2024,162,595,842,1148,5,14,FranklinGothic-Book,0
Reporte-Mensual-de-Conflictos-Sociales-N_-248-Octubre_2024.pdf,248,10,2024,infografia_ciclo_2024,107,595,842,1373,5,12,FranklinGothic-Book,0
Reporte-Mensual-de-Conflictos-Sociales-N_-254-Abr_2025.pdf,254,4,2025,infografia_ciclo_2024,109,595,842,1339,5,12,FranklinGothic-Book,0
Reporte-Mensual-de-Conflictos-Sociales-N_-260-Oct_2025.pdf,260,10,2025,infografia_ciclo_2024,121,595,842,1294,5,10,FranklinGothic-Book,0
reporte-menusal-92.pdf,92,10,2011,adjuntia_portada_estadistica,68,595,842,883,0,13,"Arial,Bold",0
reporte_85.pdf,85,3,2011,adjuntia_portada_estadistica,69,595,842,625,2,12,Arial,0
reporte_86.pdf,86,4,2011,adjuntia_portada_estadistica,65,595,842,625,2,12,Arial,0
reporte_91_1.pdf,91,9,2011,adjuntia_portada_estadistica,69,595,842,974,2,13,"Arial,Bold",0
reporte_conflictos_59_enero2009.pdf,59,1,2009,unidad_sumilla,67,595,842,1820,0,27,FranklinGothic-Book,0
Reporte_conflictos_90.pdf,90,8,2011,adjuntia_portada_estadistica,60,595,842,919,2,13,"Arial,Bold",0
Reporte_Mensual_de_Conflictos_Sociales_N_173_-_Julio_2018.pdf,173,7,2018,adjuntia_portada_estadistica,115,595,842,941,5,14,"Arial,Bold",0
Reporte_Mensual_de_Conflictos_Sociales_N_192_-_febrero_2020.pdf,192,2,2020,adjuntia_portada_estadistica,119,595,842,920,6,14,Franklin Gothic Book,0
Reporte_Mensual_de_Conflictos_Sociales_N_193_-_marzo_2020.pdf,193,3,2020,adjuntia_portada_estadistica,103,595,842,1110,5,15,Franklin Gothic Book,0
Reporte_Mensual_de_Conflictos_Sociales_N_198_-_agosto_2020.pdf,198,8,2020,adjuntia_portada_estadistica,129,595,842,1085,5,15,Franklin Gothic Book,0
ReporteConflictos_marzo2024.pdf,241,3,2024,infografia_ciclo_2024,153,595,842,1104,5,14,FranklinGothic-Book,0
ReporteDeConflictos_abril24.pdf,242,4,2024,infografia_ciclo_2024,154,595,842,1142,5,14,FranklinGothic-Book,0
setiembre 2004 - Reporte 07 - Conflictos sociales.pdf,7,9,2004,reporte_n_tabla_regiones,34,595,851,2694,0,255,Arial Narrow,0
setiembre 2005 - conflictos_sociales19.pdf,19,9,2005,reporte_n_tabla_regiones,37,595,842,1956,0,76,Arial,0
